login_account,abnormal_ratio
b9ce5605-83e7-4a6a-8a60-134c4cbdcc10,0.4473684210526316
e460cb71-a844-4845-9543-03247660cf1c,0.4473684210526316
480766f6-26ba-4ffe-9d23-6854e395991e,0.43243243243243246
4c180173-e253-404d-8140-494e0e8899ad,0.4074074074074074
3dbb4bec-b96b-4949-b722-fd234c13e2d7,0.4074074074074074
4ff73202-597a-423e-8d76-2416ab9a9f20,0.4074074074074074
be8d3462-1df4-40d9-8d4e-afe83ede8f9e,0.4074074074074074
192cfd57-6e17-4f2b-b25e-5f23cd8cbbb4,0.4074074074074074
18cdaff8-0834-407d-bd81-6567239050b4,0.4074074074074074
7c9e7c20-ddcc-4146-887a-ad07ea3dcfea,0.4074074074074074
76bb6eab-d831-423e-b3fe-d252ed3d36d6,0.4074074074074074
e04a2946-78d5-4841-99f4-39ce1b192eea,0.4074074074074074
8e84b072-f916-4ad1-af4e-be5842cc09d9,0.4074074074074074
ccf1ef27-1e4a-4754-aa08-4ddff0a837a7,0.4074074074074074
4fc18a70-ac5d-43b3-8255-560f1eb4e2fa,0.4074074074074074
f3516fa5-8e39-4acd-848d-95ff739532ff,0.4074074074074074
a68d7520-f4d0-471a-8405-05d7382b6ede,0.4074074074074074
ed45e3cf-fbb7-419d-af49-5429ebb55eb1,0.4074074074074074
34c4604d-5fe6-4104-bf84-c3bdbcd05406,0.4074074074074074
3250095c-44f9-4db0-9aa3-e84584540c75,0.4074074074074074
0d433504-51c3-4c35-9899-edcca0d55e77,0.4074074074074074
3246bf06-6792-4920-aadb-93035f37b020,0.4074074074074074
a1a1a4f3-38c5-4262-80ee-65a815be72ef,0.4074074074074074
1b9ea309-8a66-43fd-82c6-4c759f390490,0.4074074074074074
b3a601c4-100b-4ef7-ab3b-94e8118c5d8b,0.4074074074074074
3651e879-3d78-4939-8a40-88d4eb3e89d5,0.4074074074074074
1027392a-d1ab-4ae0-ac88-d145fb4f16c3,0.4074074074074074
1abe949b-6b81-4c08-9102-89734cb01d17,0.4074074074074074
b10e17e3-f9d2-4364-b674-7693e1c3114c,0.4074074074074074
237d72e7-8dcf-44de-a87f-1d32745fec3d,0.4074074074074074
dbe592c9-dafe-4899-a0c4-6b5b5df3f78c,0.4074074074074074
275665dd-d3a7-4c90-a945-bd409c1acf6c,0.4074074074074074
93640e0a-cc54-4353-bac9-7b59e4f30490,0.4074074074074074
82fbfed3-27f6-4813-ac6c-dfaaf23690de,0.4074074074074074
e18a60d9-a328-42f1-9e52-707f57880ede,0.4074074074074074
c90b575c-ea4b-4041-ba21-d3034c4e0cc5,0.4074074074074074
48f969a9-1d04-4899-865c-63964afce179,0.4074074074074074
01cadabe-c3dd-4b9f-9245-2f96d853349f,0.4074074074074074
47fa36ed-7249-4e2c-bd9a-b5e995af8f3d,0.4074074074074074
46c28d29-7f2d-4ae0-8545-267bb68e3910,0.4074074074074074
98d61bd7-394c-4539-ae8e-826aad1fef59,0.4074074074074074
30e78b41-b872-4806-a3e3-646b8c424226,0.4074074074074074
ebc49374-16ad-4a5d-acbd-3e4f352a5248,0.4074074074074074
9695c990-982b-43dc-bd16-c2f116fa939b,0.4074074074074074
9b22373e-356f-49b3-8d04-bd3ec06fa5fc,0.4074074074074074
9e762f93-e3c1-4d6d-b8ad-cd18a50cb0be,0.4074074074074074
a2cec6f9-a108-4128-a577-e8610d276d32,0.4074074074074074
977c6f7f-5278-4714-af9d-02242846f2a2,0.4074074074074074
8afd3c90-ba07-4cf2-8ffd-91a974b344bb,0.4074074074074074
8098bbf5-c44c-4403-a53c-82a58356291a,0.4074074074074074
025e1ed5-94b8-4afb-9357-08c70f451a42,0.40540540540540543
16b7633c-cbd5-4420-8ddd-749d3dd77d80,0.40540540540540543
c27054d4-2642-4bbd-a767-e653cd11b0c0,0.40540540540540543
0e24195a-cbb8-44bd-8a8d-6fa0441042f3,0.40540540540540543
7a505660-81ea-4feb-9d65-abeb70017c1b,0.40540540540540543
89449f1e-dea7-472b-bb3e-e25cee82f19f,0.3888888888888889
172f838a-0988-4dda-a3c5-b686a8dca15b,0.3888888888888889
53b1f56a-af89-48de-897d-e1819504c5b0,0.38461538461538464
03da9ba7-6efb-4b90-ad26-5f872f785247,0.38461538461538464
01585437-b75c-4e8e-adb4-24abef266094,0.38461538461538464
58d23d63-e065-422b-a7d1-ec1f2ff8bf8f,0.38461538461538464
b734d7b7-294f-4173-9854-cb1173f0e216,0.38461538461538464
03597217-fcf5-42dc-a6b2-eaf7912d08b6,0.38461538461538464
fc0a2dbb-dda8-4499-ab54-2efc3b00e816,0.38461538461538464
fb52f6f3-6208-4c0b-b766-8e456355b535,0.38461538461538464
01e5ce4b-2c8c-423e-bdea-911f14ae3fb5,0.38461538461538464
cc50d2bd-9714-4ba0-b610-da79c42eab7a,0.38461538461538464
e27b30bb-9b1c-44c0-a848-18f2a2fbab0a,0.38461538461538464
fced253d-4113-4d1c-b0b9-170c466a758e,0.38461538461538464
2ad4dc0d-0a5e-4ce4-9468-ff4d0351d53a,0.38461538461538464
85c315d3-07e3-4b2f-9f23-90f749aaebdb,0.38461538461538464
81e90250-944f-4640-9ccd-cc131b8288e6,0.38461538461538464
e1ac5da1-d25c-43d0-985c-2fe08c4fabac,0.38461538461538464
dec026ab-5972-4821-9e49-01252969427f,0.38461538461538464
bda46ab7-6404-41e8-acc2-b3e9f5b2e11f,0.38461538461538464
f5886cc3-cbf5-4100-a201-92e3e2b6d8f6,0.38461538461538464
0a9a480e-0b3f-4611-bf64-a4d5659343ee,0.38461538461538464
70742c4a-0392-4995-a0b2-1c6523cb9b1d,0.38461538461538464
e53f462f-7c54-4039-8a26-a5294c57456d,0.38461538461538464
6d7d22f4-0953-4e5a-8781-c095d3bb87e4,0.38461538461538464
9cac0ef0-a6c5-4ae9-af59-8fed66a9b2ad,0.38461538461538464
e5e6c78f-e8a5-41db-99e4-6e4e87e4a6bd,0.38461538461538464
eded5aaa-5e30-4952-a61f-045aab07f4ee,0.38461538461538464
6ffc1df5-583c-48d0-b4d2-900b10938279,0.38461538461538464
a646caab-89c6-4702-8643-853632d75a98,0.38461538461538464
ed420cc1-e9eb-4790-a917-3db7d421ab68,0.38461538461538464
a048d464-abf2-4306-a86c-e1eebfce3fea,0.38461538461538464
5d4b2061-6d26-42ca-b62c-c09000523177,0.38461538461538464
abacef19-41bd-454e-be49-eb4ec1f73696,0.38461538461538464
62185d7f-b5f3-44c6-923c-2f83eee23e2e,0.38461538461538464
a44474ed-b42c-4110-9e08-83bdb21a80de,0.38461538461538464
f283a919-ddda-439b-bfef-a95b77295138,0.38461538461538464
5d4fef1b-067e-474a-8916-b0bdcc0d3e74,0.38461538461538464
59d521a2-dd1b-4b85-9ea5-624d48fac641,0.38461538461538464
d38ba2a0-ab6b-4f71-aed4-36f5b57ebef0,0.38461538461538464
ddab6653-5a85-4eb4-8aa2-8dd6586761db,0.38461538461538464
46eb90a9-22a0-40d7-ad2d-325aced3f311,0.36
40ed7a16-5171-4c48-932f-2811ca146845,0.36
01694ea2-0ad5-43a5-ad03-fe6afbe24e1f,0.36
4cf4e9b6-c695-4070-b45a-3461ec89db44,0.36
bd8a362f-655c-42db-b40b-29d72ba0e995,0.36
be46637a-c8d6-48de-97a8-5403481ee7d5,0.36
3a3bd891-b163-41cd-9312-8b3470573179,0.36
439500d0-f05f-46ae-aeac-ca3afefdd8a1,0.36
4d8aec79-1a43-49e9-918b-84b6fe090678,0.36
c432fde4-711d-47a5-860e-820e0e225ed9,0.36
fc7e7998-d6dd-4ab6-a2f0-ebe439ada6c7,0.36
dacd89ec-348b-46ae-8591-db872b29d782,0.36
99db8a53-e11b-4727-9825-7d2fa1c6a0a3,0.36
a43bb478-f317-4313-a71d-65768b0981df,0.36
683b7cbb-83c6-4efb-819e-6b2c5fc7e62d,0.36
63ed4d26-3cd1-4c11-927f-3b2b4e6eb809,0.36
d54aee75-3cdf-48f2-8433-f991b0c7ce5d,0.36
373aeebf-b16c-48b6-acb7-37c2827cc0f8,0.36
d36a00d6-1543-441a-8a51-bf9595fe37e7,0.36
af6bb342-e158-49ca-b300-ba257fa682c2,0.36
b2d831f4-78e7-4716-9877-9a9ff5a4af52,0.36
0ffb1172-530c-4fa7-af39-33198ae534b2,0.36
04f2d9a1-58fc-4541-89cb-f13708a43cba,0.36
605ed6c1-6275-4c42-82b5-b9c88ff15096,0.36
647340c6-31d4-41aa-9256-8659e6bf517f,0.36
aefb1c42-6349-4fda-99cd-1563b9ac86fe,0.36
d4481b62-b7a9-4840-b027-0f205aa8e3b4,0.36
3674d27c-0dec-4541-ba36-9b182f1d6045,0.36
21b730a1-f714-4be4-9c1b-e2f4b2725274,0.36
334bfb77-8877-484e-834c-9b567e9d7603,0.36
d9320aed-098f-4858-8951-cd8200e9696a,0.36
4706bd30-351b-4428-8185-127cc6bcf675,0.36
012b3e27-c8bc-473d-a59e-b88e6f135225,0.36
e46152ef-2779-4667-b42c-1e2e0209d531,0.36
96999341-f8fa-47a4-9c1e-f820ac5dd243,0.36
910631e1-892f-48b3-8ac6-d46826503e16,0.36
26d66510-b755-40fa-b9e2-2af948d2a41e,0.36
e41b0a84-e2eb-4787-bcc1-7805c9aa1116,0.36
346ef043-ebfa-47fe-a93f-75446f308040,0.36
9cd5e1aa-14c7-4685-8894-dd988a76b592,0.36
d71bcb79-74ad-43ec-8263-12dd212b57ee,0.36
0c7a9592-8a9b-4397-b74d-03512add0e3a,0.36
889a4070-a6e3-4777-86c2-809b149396ae,0.36
962ae397-4370-48ad-a036-ecf738335fbb,0.36
30b9174a-2a05-4ff5-af81-c51e70fde1a5,0.36
907c0c76-296e-4d27-a1d6-a3dd4e5bc3f6,0.36
b8e5237d-f6e8-481b-a1da-ac1e7729fa9d,0.35135135135135137
f3c9f6c3-c269-44ff-b56b-df7a175b3825,0.35135135135135137
26b1c444-d53c-4281-b8a1-8ced51ac8b76,0.35135135135135137
7ee737c9-1a79-4d09-8483-3cb054f240eb,0.35135135135135137
5b28540e-c1dd-4791-8b87-c2b17d7f1808,0.34782608695652173
b9bffb54-57b7-4fbc-b019-ab978b548048,0.3333333333333333
ffa610ee-8a94-4dc2-8d48-11c040f8ebd1,0.3333333333333333
41e7a610-219c-479b-8a3c-4d4674c59095,0.3333333333333333
5bf515d1-24ac-40ed-8da2-03cb9c74958b,0.3333333333333333
ea50f03d-075f-428a-b378-c250ff4c88c0,0.3333333333333333
a2a26b49-a85b-4301-8974-cf008240b944,0.3333333333333333
204f7056-5422-439c-bbed-23c4cf00d9b9,0.3333333333333333
66425f22-2554-480f-bd33-277c88bce846,0.3333333333333333
2e4aba2c-9f53-40f0-822f-802257705efc,0.3333333333333333
98aa7447-fea9-4047-a99f-4b110f8559f1,0.3333333333333333
9606d76c-0f9e-4560-b28e-24558b7d291f,0.3333333333333333
88d2fc61-eb90-48f2-a6dd-cc3fe37f1b49,0.3333333333333333
2e5433cf-12b5-4f73-a9fa-8f77a09fe17c,0.32432432432432434
8c5250b1-67b1-40a8-a026-4b673b8b32d4,0.32432432432432434
67608e2e-0d6d-4f0f-8e77-e4b65b8274f8,0.3181818181818182
c8151ccc-6552-434f-9ed9-c62e194b9ad3,0.3142857142857143
725fa25a-eb68-49d9-aee9-51fd407e9a67,0.3142857142857143
0c1bf83e-70ec-42bb-96e5-6e0c17bb89ff,0.3142857142857143
824ef02f-53c1-4b9a-a572-ba16460dd6b8,0.3142857142857143
5ec59f1d-7326-4174-a471-771486f66a59,0.3142857142857143
d5194aaf-5a8f-46a3-8278-dd30e1f06620,0.3142857142857143
6838177e-07ec-4cde-9e2d-a0fbebfc284d,0.3142857142857143
c9715e11-ace0-4b45-8893-6895179b8820,0.3142857142857143
4da1fa75-0a47-49d9-be26-2678c0066055,0.3111111111111111
2f69aada-5e21-4875-9484-9272dde70251,0.3111111111111111
70b05636-9785-4ef9-8a2a-323c9c535ffd,0.3055555555555556
9f26c7aa-44b9-49dc-9de1-35e5f66a0e3d,0.3055555555555556
343ed998-3937-4f50-bd7a-45b6dc2502e6,0.3055555555555556
9e920f10-6d5f-4497-aee1-e6f2246b458a,0.3055555555555556
d5ca0842-e59d-4cf2-b149-b5642a2916e4,0.3055555555555556
399ab906-f16f-48d0-8d7e-ad5ab34f17bf,0.3055555555555556
64cb6f12-8df2-483c-b794-194daca394fa,0.3055555555555556
5c621f48-937a-4fd2-8262-00b9378926a9,0.3055555555555556
ac7e248e-16b7-4c49-8ca4-376d9b0b954e,0.3055555555555556
1028cbd7-4d4a-4baa-934b-d945f11dd7e9,0.2972972972972973
f26b0db4-ca7c-4f2f-95fd-6c33a2110292,0.29411764705882354
cc7d2812-b96d-4e32-87f9-1f4df18f166c,0.29411764705882354
ca45d3a5-2ddf-4e3b-ae65-fdc84f500c06,0.2857142857142857
30b8ed75-bd8f-4a9f-a805-e5e7e677d596,0.2857142857142857
a75cd85b-af92-4f5e-a6e0-263f6219516f,0.2857142857142857
145e07e3-6a0f-4bf9-9074-eb7751cfa83f,0.2857142857142857
ca2ba547-3f1a-498a-ac91-f0f1a51bfb1f,0.2857142857142857
dc56a565-8b32-49ee-b328-76589a316f2a,0.2857142857142857
7771c64d-1992-446d-8fe9-45d74cca3e51,0.2777777777777778
326b5cfb-b506-4c49-b65e-deceaa79bd58,0.2777777777777778
8cfb19a5-0314-48a2-b336-5d7e1b0a9fbe,0.26666666666666666
4d5c39fd-da31-45d7-b5fa-0d2c61dd2135,0.2647058823529412
48920fed-1164-4bf2-8439-b7d215ce28c6,0.2647058823529412
c941f1a5-8e68-413c-9e1e-9c2d70c9b7eb,0.2647058823529412
d01c1761-a310-4c6d-b531-331bdbd967e0,0.2647058823529412
cbaab0d0-8d39-4dee-9e81-d0fa931daaae,0.2647058823529412
721fed6f-0fd1-4ece-8230-25d51bd70fc5,0.2571428571428571
ae6f6133-359c-46db-bb89-fc7aa7b7e574,0.2571428571428571
db1d7141-c0bd-4010-aa1b-c7eaa81cfe68,0.2222222222222222
0dae851d-2882-4aad-b912-694f039d5af0,0.2222222222222222
22aa8818-5c1a-4aa4-b880-cd42e98fc656,0.2222222222222222
33605ad4-da44-42bb-bf29-ee9050a39d10,0.2222222222222222
df2cbf23-6368-451a-a452-9f8c374a2158,0.2222222222222222
e5f576d8-227f-4d5d-8794-4284f69e5f36,0.2222222222222222
700e7a01-2496-4c9c-b517-31cadbdc0883,0.2222222222222222
76183d3c-7796-4f4c-a93f-7f7e92de8d69,0.2222222222222222
dfc84382-476c-407b-b59a-a1ecca617d74,0.2222222222222222
257725a1-d73d-458b-a6cf-0c163b43d219,0.2222222222222222
8c9a2b24-f601-4f1c-b643-b0ffe34ceadd,0.2222222222222222
7fc79462-38dd-4206-84c9-164e1fd9c0aa,0.2222222222222222
af5655a6-1153-42ed-a60e-18d77b5ece63,0.2222222222222222
b056981a-20e5-4fea-bafb-7c22069f88bd,0.2222222222222222
61649ac8-1ac1-43b0-b1a0-16296b5c6344,0.2222222222222222
af07b3f4-d1d4-4dc4-9324-140e889dacdc,0.2222222222222222
18a99937-ec39-4bd4-a7df-1130f3ea2076,0.2222222222222222
37313bf2-d7c8-42c6-8dd3-f140ea0146ae,0.2222222222222222
14bcdef6-7059-4341-94b4-7b4da101a194,0.2222222222222222
52920c21-66f4-4a15-b8ee-312eb86adad1,0.2222222222222222
126f1d48-fc71-4dc0-a997-e7216d030c53,0.2222222222222222
34b428cd-d492-49fd-af35-5a415f247100,0.2222222222222222
a539cacc-5a0b-4756-91d7-ab0dba50c4ae,0.2222222222222222
5c5542c6-7df7-4eb3-b905-e859cf31ff1a,0.2222222222222222
a78c3fe4-fef5-4084-aac0-a58c78ab6a40,0.2222222222222222
a620052a-b9b1-481b-afff-8e2fb4897c91,0.2222222222222222
233f3280-8341-41c9-9de5-dd4731e7919d,0.21621621621621623
f479aea6-5c58-4ca3-adac-fc651a5c7823,0.21621621621621623
0baf3ff5-ce1d-4928-a643-098ea494edd2,0.21621621621621623
0c26f06f-6175-4425-9796-ea7205948096,0.21621621621621623
31f5246f-ea63-44c6-8435-6ef011579eef,0.21621621621621623
d8a58252-6c3a-4041-9896-389d850fc2e3,0.21621621621621623
a53c51e5-3c1a-43c0-a323-d3f7b28cc888,0.21621621621621623
35be1655-9bfe-4168-9305-c1b6003a568c,0.21621621621621623
ad8edc89-1004-456e-8273-ba34efbc8648,0.19444444444444445
6e420bc6-63a8-4a73-91b9-0f814e778de7,0.19444444444444445
c92e3db1-4c33-43a0-adc8-afb918a77994,0.19444444444444445
a767b265-4f56-4b12-b811-7b966c0b68f6,0.16666666666666666
4ef8cc89-0712-47fa-8bbb-3e45331e9b63,0.16666666666666666
83be1d15-7ebb-4a78-9645-001bd721bc83,0.16666666666666666
8866374f-80f4-4fb2-80a7-2dc1e57099a7,0.16666666666666666
fb507c8d-4ef7-4daf-8152-281a9aab3116,0.16666666666666666
2ff85e5d-babd-4c80-9e71-5250910b8d7b,0.16666666666666666
2ae12b84-030d-43fe-8097-9e7df5f5a530,0.16666666666666666
b7ff1b68-1a53-44be-8b87-707abdaaeac8,0.16666666666666666
184be439-b39f-46db-8b25-d3be6d71e715,0.16666666666666666
5804b6c7-7850-4150-9347-fb872b9fea26,0.16666666666666666
583f90cb-e66c-41f3-a030-b3f3b3bca8b0,0.16666666666666666
b79b9d66-5a7a-446d-b589-9b7fdf231507,0.16666666666666666
af4171d0-f3e3-4c05-ad31-d6865c596267,0.16666666666666666
bef15e46-e51b-47c4-9a9f-f9cb43209491,0.16666666666666666
3bfe0a80-ec7a-4a4c-aeb6-5ba5091d5fe2,0.16666666666666666
698f8780-39f7-411e-be00-0cdfc431e0ed,0.16666666666666666
6da0ccb5-7b30-4859-9a45-70545a27926b,0.16666666666666666
665c5ac1-b349-4086-b913-09fb3c33a7a5,0.16666666666666666
93edac39-f8e8-4e9c-9e30-46b215f67602,0.16216216216216217
ffbf733b-9652-4fb0-abe3-75a131059e8f,0.16216216216216217
19e0ef9d-5579-46d9-ae5b-d0bd61830f4b,0.16216216216216217
ddbd5319-3607-43d2-8c32-b4bc8e79062c,0.15384615384615385
263942a5-a98d-465d-8e6b-e86c7b3de01a,0.15384615384615385
df1f568e-400f-4000-abac-4e14b2b4ab88,0.15384615384615385
2ca71f36-c183-4e3c-ae96-af64b855793d,0.15384615384615385
c8ffb723-87ea-48c8-9421-10b77ec6fbb0,0.15384615384615385
1314ba88-bee4-4a26-8a78-f56849e143c9,0.15384615384615385
4402eb7f-73e4-45d9-a3d8-a635438c045e,0.15384615384615385
8687cf6d-b316-49da-80ca-59b848e248bd,0.15384615384615385
477eee30-13c3-413d-971a-25600d2aec54,0.15384615384615385
00d42ef7-059f-4e69-8aa3-8d8120979b1a,0.15384615384615385
3e7cf77c-1244-4b07-bf1b-d8fffdaa1853,0.15384615384615385
faebbb13-430f-41e9-ae2b-926395064b5a,0.15384615384615385
8e52f319-5678-4710-8402-605a5484e247,0.15384615384615385
275ee420-51e9-441e-aeb6-26d883b91c73,0.15384615384615385
0b77c147-5664-429c-842d-655574443e45,0.15384615384615385
e05aea01-7a06-4235-883d-78e86a2cdab6,0.15384615384615385
07d3d15b-201c-41a4-8e3c-7fb6ad86d0fe,0.15384615384615385
e876a931-e711-4fcf-ae73-ba9329e25213,0.15384615384615385
70dd7c0d-f68f-4745-ae41-f6dadca7a4c2,0.15384615384615385
70860f0f-070d-44e8-bb4b-0b1b87671520,0.15384615384615385
2b4e54d1-b2ee-43e8-b724-7898872da0ed,0.15384615384615385
86a23916-8103-4836-8be4-afd99b0420d3,0.15384615384615385
e57cb527-ed21-4071-8099-0cace361001d,0.15384615384615385
2af9ce1c-f7c8-44d2-ad03-e183d22f53bf,0.15384615384615385
e6d916fb-3673-411d-bc5b-18757c3d63bd,0.15384615384615385
c8d62eb8-fcd7-4d5e-91a5-8b09d44a702e,0.15384615384615385
01aab67b-c54d-463b-8fcb-2414968e169c,0.15384615384615385
8a6023a5-2038-448e-b38f-02e59d50473e,0.15384615384615385
28d30d3d-a39c-4c7f-a72c-08d29d7865ba,0.15384615384615385
8d068211-07fe-402c-bf38-9a91bd141c5d,0.15384615384615385
89076c29-ecdc-431d-9fda-dad8ecf651e4,0.15384615384615385
8750c3fc-c81d-4def-a141-78377cb2577c,0.15384615384615385
764da017-baa8-44a4-981e-1298206556dd,0.15384615384615385
763d263c-89e0-4c0b-9a42-9de3fbad8920,0.15384615384615385
7a49168a-03e5-43a1-9a82-83d81ea47a67,0.15384615384615385
2cf537c0-15bb-45cc-b2f4-e88d46673559,0.15384615384615385
9692c20a-2d2a-4bed-ba1a-06819cccd715,0.15384615384615385
96f54276-78ed-49ce-b73d-53119a595e7c,0.15384615384615385
984dcefc-0b09-42ea-8f87-d3a26e75634c,0.15384615384615385
257f9c1d-3651-4810-a794-7f538440136a,0.15384615384615385
0f9a3688-ad0d-481a-8694-a1c34b158939,0.15384615384615385
34edfea4-017a-4f8d-b812-4b04341f062e,0.15384615384615385
1dd76005-e3cb-4f2b-9714-8f64762ee69c,0.15384615384615385
af29ff82-2a3c-437f-adc8-1e259a7ba048,0.15384615384615385
a80bbdb4-bc7c-442f-ac1c-6f6d4abbd048,0.15384615384615385
20b635cf-60cb-4308-91b5-8818548711d9,0.15384615384615385
db34bc27-659f-4119-a0ea-a1dc4e5a0f7b,0.15384615384615385
5db3b990-3915-4494-b86d-2a36b37146f4,0.15384615384615385
628730d8-98d7-4d17-b71c-0d9294069236,0.15384615384615385
f0b91c4f-a38d-488f-a0b3-41dd2a0a3ea5,0.15384615384615385
1e80c784-b47e-49ab-91a2-83e700cdf42d,0.15384615384615385
35c86a7a-742e-4b67-913d-62c3458e519c,0.15384615384615385
66298dd4-c1f5-4ac5-b904-84c421d61df6,0.15384615384615385
6e972c1c-0fd2-40f6-b7de-ee7b6de83eda,0.15384615384615385
6df3b752-68b2-49d9-a99c-707da0d2c401,0.15384615384615385
3285fc62-02eb-4197-85c8-ab67ae8cf858,0.15384615384615385
dbcc4bcf-285a-496c-acc3-fe954fddaf95,0.15384615384615385
dbe32670-2deb-4c94-853f-d65daa8fec51,0.15384615384615385
eeaad60a-393a-4a84-abb1-2b492696a197,0.15384615384615385
6e0171a8-ba33-49a8-bb3c-0980d164b4b6,0.15384615384615385
f154293d-467f-406a-9ab5-dc96bbecb28f,0.15384615384615385
210fadf5-e451-4cab-9165-94b17c9f7fe0,0.15384615384615385
211bdacb-73b5-4d8e-97f5-e75495b53c76,0.15384615384615385
da627c1a-a042-49d6-ae9c-7c54243ebbd0,0.15384615384615385
64777883-7e5e-499d-ab00-37d6a2ea4b4f,0.15384615384615385
ee794d80-7ca3-4f46-a8e5-caa9a6b86180,0.15384615384615385
66e17750-212e-4a6f-849c-af541e4f3c69,0.15384615384615385
34e23356-e31c-498c-9f23-d5471c68aeb0,0.15384615384615385
5cb2c2b9-5f54-4a15-a404-fa4095026b83,0.15384615384615385
ad0d4096-59ee-4e16-acc3-cf221a90c8d5,0.15384615384615385
39625971-51cf-448e-a14d-4c600ec9d07d,0.15384615384615385
b628c005-6819-4701-b671-43203007eadb,0.15384615384615385
b756101a-30ad-400b-b1f2-2e248cef7cba,0.15384615384615385
52f53ea1-f5e3-4aa3-81eb-58dbd645b882,0.15384615384615385
52d89100-16fc-4a0e-a03d-fa138d1e3535,0.15384615384615385
54e22f6d-eeda-4cd0-ab96-83ebcea216ab,0.15384615384615385
102616fd-9df8-4dae-b77e-11164c96bc93,0.15384615384615385
cfcd9f81-1cdc-4fcc-8626-42d36c056b08,0.15384615384615385
ce0ef16c-e8e6-4595-8825-dbfea41222b1,0.15384615384615385
ae2ce8e3-34cf-4d74-915c-afc55038f515,0.15384615384615385
cfc394d0-924f-4fdd-905f-2d5d4d308988,0.15384615384615385
f5bf4b72-89b1-4a7e-88f2-c6944f79723b,0.15384615384615385
f5565332-e0ce-4dee-80ee-af4f344f5e25,0.15384615384615385
12361a27-3a2a-4cd3-a2ca-26130cb251ae,0.15384615384615385
4ff54ee1-e500-4cb4-a3a0-402c49674a73,0.15384615384615385
3cf5f434-ef8a-428a-89fb-3ba55109ec1b,0.15384615384615385
4bcaeb2b-269e-4d2b-93f6-ca6f769c7dcb,0.15384615384615385
3c32215c-c827-4af8-a4d1-2d8308acb488,0.15384615384615385
faacfaf7-7205-4407-9345-818995ddb3ce,0.15384615384615385
1803d01e-8563-4613-8331-557190e50d0f,0.15384615384615385
178891a1-08f3-4195-a955-6488cb341861,0.15384615384615385
bdb7fb12-431c-458d-bbe2-bc24e8d823c4,0.15384615384615385
11892d3c-d52d-489d-b923-10a935593953,0.15384615384615385
c1bc6fda-24ef-4804-89ed-75a76d7e7b38,0.15384615384615385
c138f091-d754-4ab4-9b49-bc6badd8854e,0.15384615384615385
bfac0ef6-ec8a-4b29-9b64-854cf5b8ef5e,0.15384615384615385
c0a93cc5-ed8c-4697-8678-b939847ef122,0.15384615384615385
c4157ec4-9e0f-4c8a-b29b-587a4e9eb2b4,0.15384615384615385
c834cd70-b9eb-403e-8941-da539eff0f31,0.15384615384615385
41e4e05d-2c36-4f7d-a7cd-cf37cd15222d,0.15384615384615385
b1cd89e9-97d5-4ce2-a542-0dd9b4043fd5,0.14814814814814814
5b3c73da-45d0-4951-8f24-af72507cafdf,0.14814814814814814
cdbb5235-b4e4-4057-a655-baee64fbc20a,0.14814814814814814
69a08df4-b6cf-4e1f-ac87-fc88aa4670b4,0.14814814814814814
1f5c069f-24c1-4df3-96bd-18fa829b61eb,0.14814814814814814
ef77cc40-e899-4f8c-b8f6-a8e981c8383a,0.14814814814814814
920c1752-d93e-40c7-b7ea-602145f6664a,0.14814814814814814
d619b8c0-7d7e-4977-ac3d-f23cbe3ce186,0.14285714285714285
ba81be6e-5291-4d9e-a659-d38ca86f2b4e,0.14285714285714285
b4305d0e-3ba9-4260-8153-8f431ebf216e,0.14285714285714285
114c98ff-4793-427f-b048-0f1f0596dd86,0.14285714285714285
f498d4cd-9b03-4ea5-849b-bfe357793ce2,0.14285714285714285
f7e52c28-9342-40bc-9676-300247a85db1,0.14285714285714285
506a6043-7ed1-4158-9ebe-50862d0f9d0c,0.14285714285714285
e05316e5-2860-49bc-9d9c-191ff2b9f074,0.14285714285714285
0ba8b1c4-b3f4-4483-8a18-8042354d3ebc,0.14285714285714285
7d6802ac-b3d4-4402-af82-86c49e607ad4,0.14285714285714285
49681461-c7ff-4cdf-9192-8af3b569228e,0.1388888888888889
50421cf4-06a0-4156-901f-2b9d55aa168d,0.1388888888888889
987febed-4451-4b7a-bd74-be8b7f02983b,0.1388888888888889
49b998d6-75ab-4eb6-9490-c51637879240,0.1388888888888889
c7105607-bb88-45c8-b222-d0107a6e6382,0.1388888888888889
204fb777-2b52-4b53-96f4-048ca046e198,0.11428571428571428
b92a4d6b-6df5-4e1e-ab39-00bc8c519332,0.11428571428571428
1e05bfdb-d087-428a-b3a1-38665b436b71,0.11428571428571428
2230a1e8-4e13-4a36-ab7c-4f22850faae8,0.11428571428571428
9edddba9-bf42-443a-9cce-939f2944d7fc,0.11428571428571428
5b89d38e-650d-4465-b852-1946e2ff9e90,0.11428571428571428
aba74321-3bb2-4776-9b35-84e21be15ad8,0.11428571428571428
484f65a0-65e6-44c4-89f7-6c3478d70173,0.11428571428571428
e5e1755d-2502-4d10-9692-5ed4b90a1c66,0.11428571428571428
bc8c3a41-cb90-4aa2-a303-8e6cfb54d5d0,0.11428571428571428
0268c1a5-e1d1-41ee-97a5-b85fff8397f5,0.11428571428571428
c5862d25-0bc3-4297-9844-17ade5117e86,0.11428571428571428
51db5213-5209-47a9-9564-e0ce24b202e6,0.1111111111111111
592d5811-b549-4576-91e3-0eaf72143019,0.1111111111111111
748457b6-5940-448f-a395-dafca76bc14f,0.1111111111111111
59eb2be3-a47c-4b83-b416-3b4195d6bfa3,0.1111111111111111
0d9c3828-4707-4dac-a3be-5520ddcb0c2e,0.1111111111111111
dd89663d-0137-40c0-b632-9b9d559003d5,0.10810810810810811
c46dfd07-9378-43b3-9a43-9974ed2e8e8e,0.10810810810810811
d4b92099-8a18-4ab8-b0a1-97b3cfacf303,0.09523809523809523
82e26ea0-725b-4c1f-be3e-4d234fdf72df,0.08571428571428572
ff22a2a7-4911-41da-ae95-ef88e67b2291,0.08333333333333333
2121038b-fded-4511-a5c8-a60841ff874c,0.08333333333333333
c5954575-9916-48e1-9da7-6b353fda5b83,0.08333333333333333
e4cbaf2e-5ea6-4690-b983-837a4fadc516,0.07692307692307693
e3feff11-8d53-40cc-a9a8-4c2ac858d7e6,0.07692307692307693
e22d5842-b06b-49d1-9b60-c2ca460705df,0.07692307692307693
2ad46807-72df-48e1-a01d-83fc7afabe6e,0.07692307692307693
2ac65a50-b0ed-4fd6-894b-3c82bd380d37,0.07692307692307693
fbfe8ffc-d96a-428d-b017-d05034d747b2,0.07692307692307693
44384368-0711-4ee0-a7f1-72d731df3c5e,0.07692307692307693
c9146e77-933d-4b9e-b620-6fbbda8d1cdc,0.07692307692307693
c8e36a07-417c-4743-983b-a62c3c21481e,0.07692307692307693
133d5f5c-73e4-4f29-9fb6-06e2529352e4,0.07692307692307693
47ef0337-eff1-4369-8b62-0f7b8d0f92a3,0.07692307692307693
47b4b524-4d11-4a71-ad2e-318d8a77df73,0.07692307692307693
4770f339-a939-476e-bc95-8ea279a1e9de,0.07692307692307693
4750c44d-832e-4be7-927e-a3101250f8f8,0.07692307692307693
47198427-8b24-442a-9538-948bab72e3bc,0.07692307692307693
46fa849f-5530-49be-9e7e-05f574aade62,0.07692307692307693
c3ebf769-eff1-4bfd-83ea-069914ec1d16,0.07692307692307693
c2a50677-bf38-468c-86ed-675467f09181,0.07692307692307693
c14cf0d6-745b-4f9b-b115-4a10f00bd9ad,0.07692307692307693
c1477f8b-a23b-45c9-8d75-677891d437ca,0.07692307692307693
bf58ed80-dc77-4971-a122-1e2c77db9829,0.07692307692307693
c61a3a79-0440-4d07-abc0-ee17ec7245cb,0.07692307692307693
14ee1b60-a9c5-4d06-9ac7-bbe42470f4f9,0.07692307692307693
49671aca-e2b5-4510-aa3c-b9c0d5b554ce,0.07692307692307693
485df320-e642-4c13-a33a-2a5960668f08,0.07692307692307693
4d20c54b-6612-41f6-b145-b394a168efc6,0.07692307692307693
fa5fc5be-25e4-4a56-a237-d0c16c19a023,0.07692307692307693
030aed50-aad9-47bd-885d-a56def01da43,0.07692307692307693
f9d73816-6f15-4517-b693-3df44f71e96f,0.07692307692307693
f91fe6b4-e004-4c2e-9638-c7ef5f48d372,0.07692307692307693
f8ede20e-a49c-4ee1-9bcd-8e106d78db21,0.07692307692307693
c9e41f54-b285-444b-846c-25775b0d4f1d,0.07692307692307693
c948e66b-d8b5-4e67-b10c-c8bef12788bd,0.07692307692307693
bf35e534-2c05-40b2-91fe-70353a78ed70,0.07692307692307693
bf1ca2bb-9c61-40e9-8543-a191095a8231,0.07692307692307693
bf15f927-893a-418a-9312-dc230d636372,0.07692307692307693
bec55d37-6d2e-4f3a-bf09-7f9ab2204ce1,0.07692307692307693
16a7cf18-f0f7-495a-8049-32748d704a36,0.07692307692307693
16a77ece-79e3-4fdf-ba18-bd1141d3aff7,0.07692307692307693
165b7595-7dd5-4222-8480-6c5be2393930,0.07692307692307693
1645e4f6-0255-49fb-9676-b3f49cad71cc,0.07692307692307693
163ff31c-6fa0-4e2a-bef4-3484e497612b,0.07692307692307693
160f86a5-3222-49c0-befe-c3eea525cc93,0.07692307692307693
be862794-0fa4-4f54-b1f3-a3313311841a,0.07692307692307693
16fa35dd-041b-4bfd-9cc4-aa19b4d1f152,0.07692307692307693
bd6d4da6-d19e-4bf8-b7a3-3e1c9dd337ca,0.07692307692307693
bd69bd5d-5329-476a-ab09-0868f05413ec,0.07692307692307693
bc8f1013-f6de-4d3d-b05d-994350cc4423,0.07692307692307693
bf56a6e4-94ad-48a6-a5d3-9f635e9db45b,0.07692307692307693
cc40e815-5400-4728-999b-aa5c66966aef,0.07692307692307693
cba620d4-eef9-4fc2-8cc9-68c27b837c23,0.07692307692307693
cb30cd96-91e6-43f5-831d-5f6fda90534b,0.07692307692307693
cacabd56-2454-4841-a56e-a89c24cdc154,0.07692307692307693
f7e0d699-d96a-48da-abdf-31e0a0a178cd,0.07692307692307693
f77da252-173b-4b2e-933d-e6c135c1d4ae,0.07692307692307693
3cfcbbb9-1b9d-4eaa-90b6-6ce7d3158c94,0.07692307692307693
4cd1aee9-8708-47c0-9d68-abedfe1a22ea,0.07692307692307693
4c91965f-e110-4233-9895-a0d1349adf24,0.07692307692307693
4b7a2a3d-d0d7-4a68-981a-df89860ec598,0.07692307692307693
4b6df2bd-48c7-4ba2-9669-6bf0a8991700,0.07692307692307693
4b1cb869-fda2-479f-95d0-06fc82f98b46,0.07692307692307693
1796d3e5-addb-4ce7-91d3-01f20feee97c,0.07692307692307693
bc2c6d73-57c7-43d5-b225-6ad39af88fa5,0.07692307692307693
bc22cd87-dab9-47be-be1f-50174b0c5828,0.07692307692307693
bb2222c1-d710-4387-9e00-500b3217abb0,0.07692307692307693
bb1f2d10-835e-4321-8589-6ec2ed339388,0.07692307692307693
bb1ca7c6-ef02-47b9-a091-574382183e2b,0.07692307692307693
baf5ab57-9d07-4a52-887f-3e0e71aa7d6d,0.07692307692307693
ba8cc798-345e-46f2-b115-707d2ec7cec4,0.07692307692307693
17857965-d48f-490b-8cbe-42169f21953c,0.07692307692307693
177d781c-49e4-4ee4-b3b6-90018b4832a4,0.07692307692307693
3cbf329d-7c00-4035-8d91-871b297b82fd,0.07692307692307693
3c308959-197c-40b9-9303-3e31bec3b566,0.07692307692307693
4d8df2b7-934b-47c2-ae44-2c06e5d5dd89,0.07692307692307693
4d7277a5-a587-452b-9c1c-207c3251c00b,0.07692307692307693
4d32ae3d-1770-4e91-8f1a-95fdf7835f69,0.07692307692307693
50ffab98-eeb1-4ae8-b0a8-dac05c76f8b4,0.07692307692307693
50d55aef-df39-42f4-8b98-57374d089836,0.07692307692307693
50b81218-2fdc-42a5-ab40-f2a5fe174f72,0.07692307692307693
3bb31a2e-17d6-435a-8bc5-c1c6e32260ff,0.07692307692307693
b875f054-f234-4f38-883d-da80d7b6560d,0.07692307692307693
bc82f85e-d4b1-40f4-96d4-83dc91baca58,0.07692307692307693
cd2beb6a-c688-4845-839a-25361a260502,0.07692307692307693
12051e27-ce6f-41f4-9fc5-e87a7a59071a,0.07692307692307693
11d37b7a-9c46-4124-9d02-a3cb4cd1d4a2,0.07692307692307693
11649783-5e4a-4d54-81d8-e35ddc62df6c,0.07692307692307693
ccaaef4a-5fb8-495e-95c1-aa327098f57b,0.07692307692307693
3b17e56f-f3f7-4047-a059-e8ff8f22d62d,0.07692307692307693
5030e4e5-677d-45e8-9114-261a3e1407c7,0.07692307692307693
4fef1bc1-de64-4681-b38b-dea9529c5543,0.07692307692307693
4f37c1a9-bc0c-491f-9dcc-25f9fa5b9d52,0.07692307692307693
4f0d50cd-928d-4fc7-909f-7c570eff839f,0.07692307692307693
f7349ec6-e48c-45ee-9786-fb406182c401,0.07692307692307693
f6e5ff2b-6fe0-49da-846f-93df60244099,0.07692307692307693
f4cba720-3c01-4f2e-bb8e-9d7dea0453a5,0.07692307692307693
b768e04e-51ab-4a11-b224-c79ed2f5495f,0.07692307692307693
b758bc0e-4762-4df5-8d0a-b1067d953028,0.07692307692307693
b72a0340-c94f-42f0-a3cd-a4be8906e1c8,0.07692307692307693
b70210a1-757f-4812-b658-52b51af64f9f,0.07692307692307693
b6e2e82b-5e65-4189-bd44-a9422832586e,0.07692307692307693
b6b5aabb-cb8a-4b80-8a5b-9ad2ddeae7a7,0.07692307692307693
b642c807-c2e8-43ab-8a42-fb8ea0e4b4b9,0.07692307692307693
b636bb11-0635-4648-95cf-bc4458d3d833,0.07692307692307693
b5fcea4a-13a8-4a04-a4bd-38478ad3fdf8,0.07692307692307693
18c1c92e-01d5-436f-9909-ffee509787de,0.07692307692307693
b9b5954b-7b92-4c62-ad3e-382317cb62ba,0.07692307692307693
b5f03aa1-c9f1-4ce3-acfe-121ee2f219b6,0.07692307692307693
b5acc6e4-3dd0-4adb-b816-4663045715a0,0.07692307692307693
b53958a0-bf49-4c47-b0cb-627ca9fe4fb7,0.07692307692307693
b51b804a-ebb8-4532-939c-5a90f36bad08,0.07692307692307693
b4e0d3d5-d26f-442d-9213-35881cdebd7e,0.07692307692307693
b48016b7-3dbe-4400-acd4-d43613fcbfbe,0.07692307692307693
b44261bf-45ab-4918-ada9-91649bdb0445,0.07692307692307693
b418c9fc-7233-40a4-8332-cbabad2c8cb5,0.07692307692307693
3a62961d-848d-443f-830f-27a0179f35fb,0.07692307692307693
5574464e-6b36-4353-b5bb-3b91f0280db0,0.07692307692307693
51b459ea-86e1-4720-809c-7bcb6d263734,0.07692307692307693
5183508f-4e11-4589-849c-f3b200779ed4,0.07692307692307693
3a0a47e2-a13f-4e05-b6aa-878f77ab60ce,0.07692307692307693
398b287d-4b41-4b2a-b5de-cb174e86a0e1,0.07692307692307693
ce5a0c94-1533-47e9-af81-486061d96d56,0.07692307692307693
cddb00c7-b495-4459-963f-a0b6d6100ef5,0.07692307692307693
b340bec7-fb89-4349-bcc7-2d8e912af58c,0.07692307692307693
b33893ea-2f64-40d5-80a2-fb82f851238c,0.07692307692307693
b3302283-925a-4f85-a406-b6f79a22bd72,0.07692307692307693
1a66d39b-6798-4f18-8382-f85075480155,0.07692307692307693
b2529030-c1c8-4f86-8cc3-96a4f5531fc8,0.07692307692307693
b2026800-3c1e-4362-bf63-1c88bb58655c,0.07692307692307693
b1791a04-2dd6-4920-bb19-ca30a2f15f8e,0.07692307692307693
b16efcce-c391-4bb1-a9a8-84eb9fde9c81,0.07692307692307693
b15654b0-c20a-4dc5-b1f5-87c82612b047,0.07692307692307693
1bd5a947-5f38-4938-a24d-4de9ba3f26b3,0.07692307692307693
b079a4b4-0f80-4e99-aa19-210c214d3691,0.07692307692307693
b03b485b-8040-4744-8fae-cb2529d69b99,0.07692307692307693
112283b0-d2ee-4182-bc1c-df83bbd5010a,0.07692307692307693
110cd17e-0edf-460b-b24e-1a2f2f3f3fbd,0.07692307692307693
108e7085-1a90-47c7-a82a-49d36bf6a982,0.07692307692307693
cf6d6d35-ec69-4495-8ea5-20e81c45d61b,0.07692307692307693
cf0e55c9-481a-425c-9464-f7c18b04513f,0.07692307692307693
ce9d617b-24aa-460e-81d6-529a2fe60e42,0.07692307692307693
5837c43f-e44a-4541-af9b-e51afe321848,0.07692307692307693
58111448-114b-4489-b9d1-aad04fc0afbe,0.07692307692307693
57bb891c-ab86-4314-8d57-6ade33d9ed98,0.07692307692307693
57262943-8cd4-47e0-a839-e7d0ae9a84e6,0.07692307692307693
f37108db-7253-477b-a4a2-6c07d26f7bf2,0.07692307692307693
f2d4882a-96cb-4b2e-a3ae-e2605fea7305,0.07692307692307693
f15dd6e7-264e-41d2-8dc3-cbe75be21ea6,0.07692307692307693
1c44ef88-a17e-4590-8958-6e51ad86c0b9,0.07692307692307693
adf46c29-ef1b-4e36-a9f6-f3f28e34ce00,0.07692307692307693
d2e14e7f-4da2-4d78-9323-998d3704b63c,0.07692307692307693
d28d4757-1fe0-4840-9d46-152235d398b0,0.07692307692307693
d1bc5ec4-13ab-45da-80b0-4fbcc5f70858,0.07692307692307693
d0404c2e-f24e-49f6-898d-415400373e50,0.07692307692307693
1bed7282-2675-494a-8bee-1bc7780192d0,0.07692307692307693
5b2933c5-3892-4cb9-b430-0d75c45cfc10,0.07692307692307693
391f13d6-c54a-42eb-8d28-8eade9a49f12,0.07692307692307693
389f51fa-3322-4fa5-97eb-bc503c322c10,0.07692307692307693
5ac17e1c-1e4d-4577-a994-a4873d5ac12d,0.07692307692307693
5a23a901-cfb2-4f93-ad8f-a770a1e5fd7f,0.07692307692307693
5d6081a6-aae8-4cb1-b56a-05a30e8214ea,0.07692307692307693
acb9cb30-dc5a-461b-b640-27c504a6b917,0.07692307692307693
ac402e8a-d86d-4fd2-9783-492f11869203,0.07692307692307693
ac2d1144-f3ce-4599-8e3b-ead569ce403c,0.07692307692307693
abc515f5-6cbe-4a02-b977-a5775f84d09d,0.07692307692307693
ab66ccc4-adb7-4660-bf1e-bb35b546c703,0.07692307692307693
ab352246-7aa0-42d4-b4c6-d1917c4ddab6,0.07692307692307693
af3a764f-d380-480d-9562-7d7ac351def4,0.07692307692307693
1d23d438-37cb-4ca7-ba84-d16fcb031478,0.07692307692307693
5d547fcf-6738-4d9d-9530-c15520510d1e,0.07692307692307693
38083c33-a29e-4d7b-b304-1b77b6fe4356,0.07692307692307693
5cb8502b-7138-4bff-857f-f67802eaf0b2,0.07692307692307693
5c06e565-d678-4cce-b6ea-fd09eece2854,0.07692307692307693
5bb54362-a8df-47b8-b04f-b247138ae040,0.07692307692307693
5ff2ee44-77a9-49da-8081-253e90d5b860,0.07692307692307693
5ff1e107-6265-4282-bada-724ae11988dd,0.07692307692307693
5fd8d39b-11ba-4be1-b20b-d20ca10ad7ca,0.07692307692307693
5fa86be9-3cd7-412c-be68-10d8e95d944a,0.07692307692307693
1e9225af-cf15-4592-adc2-d4f323dc9bb0,0.07692307692307693
1e78579d-c435-4a14-a3d3-9ad1059aa394,0.07692307692307693
aaef10e5-b22d-437f-aca7-ade449c738b2,0.07692307692307693
aabb9abc-2a03-4af2-ac7e-f7ceb6ae4e2c,0.07692307692307693
aa9b9cfe-776f-49a0-9f12-6204d3b4c8ac,0.07692307692307693
aa1a5a64-fc96-46c6-9f35-83914a94511f,0.07692307692307693
a9ca10d1-290b-4d41-833b-17492bddf6e2,0.07692307692307693
a9a679e7-288a-4a90-a093-bc79be968143,0.07692307692307693
1e3219de-5d58-437d-814a-2f0a20c51490,0.07692307692307693
a7dad16f-0899-4053-964a-1494ab6a9e25,0.07692307692307693
a6679688-21ae-4f24-88f2-710c169cdba7,0.07692307692307693
0f03a6cf-e226-455c-833a-746540a46628,0.07692307692307693
d561a7ab-cc10-40d0-b390-200e96cdc5b3,0.07692307692307693
d4edce97-3574-4389-9acd-e57dbe52ab2c,0.07692307692307693
d4bd7108-68fd-432e-ad48-a33a764b82ac,0.07692307692307693
d49479da-bcd5-48f4-b2e7-0aba5cf2d314,0.07692307692307693
d4913b7a-8ab1-4d53-b85c-535ce14e080c,0.07692307692307693
d8cb7990-96ae-4b6e-adb3-43758d88e2d3,0.07692307692307693
aafbcac2-056c-47fc-9bb0-c2c343c8d0e3,0.07692307692307693
5dc275ab-3cbf-44e7-a3e5-92da76238bae,0.07692307692307693
6203c9d8-d8a2-4863-ace5-06d658b45bf3,0.07692307692307693
f145406d-d7a3-4997-8ead-301716bcf565,0.07692307692307693
05961c5d-1e21-4b15-a6e1-1ba0b6193487,0.07692307692307693
05476fe1-c912-4302-a6f6-11115f8db9d0,0.07692307692307693
f052e169-7213-4c35-9a61-a4d4a754b681,0.07692307692307693
f04eee18-c396-4543-9243-06b6aa2f5958,0.07692307692307693
efb3fab8-0898-4365-aee4-952fa9551bf4,0.07692307692307693
402e1af7-819a-4c11-8a09-c7ff3c85e8c4,0.07692307692307693
3fd4c53d-003e-4abe-9c1b-e1a877babccd,0.07692307692307693
a5d2cb18-18d1-4c65-9c47-2b76de3c1bbe,0.07692307692307693
46b58f8a-205d-447c-9cc3-41e877825e13,0.07692307692307693
ef183c14-c69a-4b5c-981e-d9286b3e0270,0.07692307692307693
eeff7509-378d-4dd2-bd4c-153fdaecd672,0.07692307692307693
eee8f05e-87bc-4575-b940-c1705cc5ca35,0.07692307692307693
f4360e48-3f2d-4d1f-b86e-f19cf4e17383,0.07692307692307693
36b3b724-cc70-43d8-9aa8-793d4855b10e,0.07692307692307693
367cd7ad-751f-46c3-aae8-e17fbe8a2002,0.07692307692307693
3673a004-fa99-43ba-b264-35d44719cdfa,0.07692307692307693
60e70002-96c4-4a36-92fb-884008b371b6,0.07692307692307693
609c9a5a-6230-4b2f-88bb-09ac7dddd265,0.07692307692307693
6059b1a0-2a08-414f-9729-56bd8a1b93f1,0.07692307692307693
0db6dd61-e968-42f9-89b6-b0a83a7b0b09,0.07692307692307693
d7fad83b-3585-4ff8-bfae-36981bd92629,0.07692307692307693
d76a9acb-721d-4cce-8ee8-8ebf0c0988e6,0.07692307692307693
d7218e27-c0d7-4cea-ad3a-d67ccdc73552,0.07692307692307693
d6f672f5-64e7-4104-ae04-49986b261f0f,0.07692307692307693
d644f2a4-3136-43d5-b01c-a4082810de0f,0.07692307692307693
6058ad50-f61e-42af-b0ac-e3863a3855c7,0.07692307692307693
36519eba-7138-43df-a538-c5fdbff751e3,0.07692307692307693
35f6d5c4-4169-4cd3-8616-a0a4f7826589,0.07692307692307693
625c2467-ccbc-48b5-891c-63a9513b511f,0.07692307692307693
624743a2-80f1-4c47-89d7-105244d1cb07,0.07692307692307693
6704385e-a184-464a-8ffe-0230d353e68a,0.07692307692307693
659f4344-e06f-4390-8800-04ec883b069b,0.07692307692307693
468e4e60-79d5-4194-beee-0c25647c34cb,0.07692307692307693
06e547e0-82bb-4dcb-b2d8-c3100a649bf5,0.07692307692307693
06df4c90-d788-4087-85ca-a986708664cb,0.07692307692307693
06732f67-d120-4a99-84c8-f7cac89d442c,0.07692307692307693
ec0eb1e8-19a3-4c23-af38-19b8d3642d01,0.07692307692307693
a1be6552-dbe4-49fb-99de-9d789e347bae,0.07692307692307693
464c4faf-66bc-4a32-81bc-f2caea568680,0.07692307692307693
a1028417-f267-4e58-9b10-2256510bacc8,0.07692307692307693
a0f17757-6417-429b-8922-f9a6e84f5bdf,0.07692307692307693
9fed1936-1ff4-4672-95d2-f00555154729,0.07692307692307693
45cc6729-26e4-4399-b0c6-338f4efdb314,0.07692307692307693
9e126dd3-b149-4312-8ca4-212fc97eb2a2,0.07692307692307693
457ee0c4-6ef1-4e76-998c-05348cd49841,0.07692307692307693
20de5e33-a8ef-4920-9342-ef1afd85c28c,0.07692307692307693
a40c2cf2-cf47-418e-bd7c-281a44ca9c08,0.07692307692307693
68fb1b42-fa86-4cf6-aad9-ec8caf471e02,0.07692307692307693
68ebae7e-bcdd-43ee-bc59-ddf3788b300c,0.07692307692307693
6cbc6c18-1cf9-4598-975f-0745398a21c4,0.07692307692307693
07aa4e17-7c36-4157-95ba-af12c48e3f60,0.07692307692307693
eb901363-97ce-463d-a21e-a5c03821426a,0.07692307692307693
eab8b3f0-6371-4086-85c1-299b6776e214,0.07692307692307693
d95001fb-e989-4169-965b-d220c825f4b2,0.07692307692307693
22d5a1ad-5f9e-4668-af6d-6c78e032ed05,0.07692307692307693
9cb4cc1e-f6ff-4f14-b250-c34f99020a63,0.07692307692307693
9c6c52c6-ac91-4256-a5bf-96cb7d9621c0,0.07692307692307693
9c65c52d-2bc6-4d9e-a17a-09de0a5a8696,0.07692307692307693
9bda46a0-e0da-4ce4-9edd-731271f3241d,0.07692307692307693
a1d25edf-69b7-4808-8552-a24059a84676,0.07692307692307693
e9ef72e8-f111-4624-b4be-5c24dceca801,0.07692307692307693
e936a065-55e9-40a5-891c-353183e45f90,0.07692307692307693
34546e7a-8f02-4e4f-9750-ed8b7a36e090,0.07692307692307693
6b2a4938-6e29-4701-b9e5-d03538179151,0.07692307692307693
69b684a7-5c2f-42e3-a476-0a0bd910e7d3,0.07692307692307693
6dc38b9e-6174-4d15-bd03-ad26dcc64c83,0.07692307692307693
6d0d8aac-a5f9-496b-a4d0-862f9a33cf49,0.07692307692307693
32fc00dd-647c-4f48-919b-f091592beb01,0.07692307692307693
32cbd565-fd5b-402b-be50-2811b05d6ad7,0.07692307692307693
6fb59333-1971-4d51-bf34-886c82f03446,0.07692307692307693
31fc4e9a-2492-4449-82ea-e8cca65106dc,0.07692307692307693
31f41a47-3369-4778-90c9-20998dc8a8a2,0.07692307692307693
9aa3f454-73fc-4a41-a9a5-602a2ac0e16e,0.07692307692307693
9a993b28-2fd0-455d-b180-c6be6639483a,0.07692307692307693
9a2ad0c9-6c91-4f70-82f9-f3eeaa214bb4,0.07692307692307693
45250b5e-5ab5-4268-9afd-5f5feb00a752,0.07692307692307693
0d4e8fa5-b6d9-42e7-bdf4-bfe3036a973d,0.07692307692307693
dac4c100-7337-41ba-99d3-8153b6b18355,0.07692307692307693
daa99aae-fbd0-47be-8ad3-df2e024f7192,0.07692307692307693
d9d138eb-dcc1-4ea1-b120-cf8bbfdf7fe2,0.07692307692307693
d986d3dd-d15c-40de-b5e5-283d340aca94,0.07692307692307693
4513f976-722d-4200-8cd3-57123d37183c,0.07692307692307693
0cf67f35-3bdd-4300-a665-65b5d4d6a8bc,0.07692307692307693
0c9640a5-7495-4d1f-9221-3199136029e2,0.07692307692307693
dd857cdc-afd2-4b34-9291-d1ca8440a6d6,0.07692307692307693
dcfa7d54-3372-4d87-84d0-9870b3d63226,0.07692307692307693
dbc480bf-f0a5-4681-987b-c0b0687147e2,0.07692307692307693
dbc363bf-78e1-4a4d-ad9f-2a0526743ebd,0.07692307692307693
9b11a0b5-2cde-44e7-9437-41e11af6cc43,0.07692307692307693
6f7649d0-a1f4-4b83-8074-1d4cdcabae5e,0.07692307692307693
6f0c36c4-c97a-4d18-8271-20a70bdd7d94,0.07692307692307693
6e8e3421-b805-453a-800d-0bcf4f79ec61,0.07692307692307693
6e6eb475-15b2-4ec4-80b9-9212b9bf21ee,0.07692307692307693
71aeada1-604a-43af-a658-d7142f1c3de0,0.07692307692307693
e88ecea8-b60f-4b14-a5ad-ae05b21ac816,0.07692307692307693
e851e3a6-bc6e-42ca-a3f6-dc2e58e50420,0.07692307692307693
e8452a5e-2203-4fa5-b54a-409aee7d772d,0.07692307692307693
e830850a-af52-426d-b1f4-37babc764d5d,0.07692307692307693
07d68572-22cb-4924-a1cc-3966398513f3,0.07692307692307693
e7f8ab42-5659-4843-86bd-a88f545f6c8d,0.07692307692307693
95cd5b1a-cd25-4e2c-bc2f-82885071f65d,0.07692307692307693
2572c4c0-d572-4f8b-8037-39f14fcc8d51,0.07692307692307693
252788d7-ff26-4bb3-8bdd-c2903a7257e5,0.07692307692307693
9590bee0-036f-4920-b9b5-86006e46524c,0.07692307692307693
98821caa-6d85-4cae-badc-7375ccc87d2e,0.07692307692307693
09effeac-db88-40c5-aa13-f60bc0f90704,0.07692307692307693
2450704a-be1f-48e6-8ac1-cdb6b0a09fda,0.07692307692307693
240b0ce5-e585-4e43-973c-6c8aed30d82c,0.07692307692307693
97136c31-8b92-47d6-9ac7-39c3df1dc2b2,0.07692307692307693
96fd114b-0a1f-4c0e-88ef-09a52e394c49,0.07692307692307693
e7cb857a-b830-4909-be2f-a55ee708860c,0.07692307692307693
e74c231e-90b3-4749-b425-ec4baf5f31bd,0.07692307692307693
718b5a6b-772c-42ea-8b83-23483c3e2343,0.07692307692307693
3179fc10-5eaa-4c61-b83e-0650984e65cc,0.07692307692307693
31216029-9d70-4442-ace1-5dc601d0d870,0.07692307692307693
70f77224-8952-4eb7-b0fc-9699a674da18,0.07692307692307693
707d5c35-cfc6-4581-ba78-eccae5b0abbe,0.07692307692307693
30697215-78f9-43a1-87c4-c33e636b1101,0.07692307692307693
30436617-39db-4b24-8bb2-39871014df4e,0.07692307692307693
72f844d2-2a6a-485f-979c-ea3698ac71e3,0.07692307692307693
e05e1434-8cec-4c84-9a9d-49851b131a59,0.07692307692307693
946b5ad2-5f58-4062-be29-de9789d2ba0d,0.07692307692307693
260dbcdf-e7f7-4c0c-a37a-84cc0e76bf51,0.07692307692307693
25b7fc1c-a51e-4e14-a98a-ce3c80f5dd2d,0.07692307692307693
93c0881d-a6fa-4852-8bae-91da123ee11d,0.07692307692307693
936dc168-af1f-47b6-9810-a2c85ffbdacf,0.07692307692307693
93588899-78f6-4a02-b1fe-e4e67660e3f1,0.07692307692307693
92a4143d-7a21-4f24-bd4f-4a36015b56f2,0.07692307692307693
9667f0ce-95e7-4985-a9be-8985d32a8c3b,0.07692307692307693
96448eb7-1505-4078-a92b-b3deb159fca0,0.07692307692307693
916417a3-3f60-4a4c-a64e-856b2f159f70,0.07692307692307693
9157a98c-2dfe-475d-8b5f-6f41656cee2a,0.07692307692307693
901e4964-736a-4b9d-b348-577933fd9f42,0.07692307692307693
0290f8c7-23a2-488e-b036-3c83c83b9c00,0.07692307692307693
dea653d7-28df-429c-8822-52a734df8ba4,0.07692307692307693
de952cd0-f60d-4cef-adbc-e9eeae29c5ca,0.07692307692307693
de1c5dfc-2065-4161-bd2c-9f476d0a5fef,0.07692307692307693
ddbed74d-ade1-4c09-bdfb-e4492fb58029,0.07692307692307693
72f445c2-a096-4658-84c2-4d177478fe91,0.07692307692307693
72ee21a1-7c61-490b-9e26-81475d7511a3,0.07692307692307693
72790549-2082-4c31-ae01-9d5496a34484,0.07692307692307693
725f788d-5f46-4747-8f2f-1aea88d11492,0.07692307692307693
e6a7067c-3190-4a33-b991-5cc2ae635085,0.07692307692307693
e6a0c963-460c-4e2a-97d7-455fa05ca312,0.07692307692307693
08f94ffe-f545-4a26-b005-b6910ff17761,0.07692307692307693
08f5a4ac-b32e-4b44-9887-85196f430a00,0.07692307692307693
08be7111-3307-45a5-99ae-af0e652c8e1b,0.07692307692307693
8f457257-9d82-4a24-9b79-07e737b9178e,0.07692307692307693
8f3580b0-ca0a-4cdf-b9a7-f2a3a5be80db,0.07692307692307693
27f85fab-9ef3-43fd-a429-951edffed702,0.07692307692307693
27860300-b836-4661-9731-7ec6731d1408,0.07692307692307693
8e9fbd84-6cdd-4bd6-91bc-77aa0ee7adc6,0.07692307692307693
8e9d692a-25d6-4fdb-a399-7095edc4487d,0.07692307692307693
8dd94632-ac66-4cfb-a135-c9dccce293e1,0.07692307692307693
26e05c7c-e3a5-4ee1-8649-85601deb2003,0.07692307692307693
922d1173-ec2d-4f77-a67d-0da5f35a85ae,0.07692307692307693
43860056-afa9-485f-ab21-00fa97f8e483,0.07692307692307693
e12509f3-44c9-4e65-b23e-6b1d0bb298fa,0.07692307692307693
e5dc4239-f8ac-47c5-aed7-3f2fc39cfcd0,0.07692307692307693
e5882527-14cc-42db-9d2d-c44fba8fdd9d,0.07692307692307693
e8b0bb3f-9870-44be-9933-009cba4c42ae,0.07692307692307693
75c1e741-6444-4d60-acf3-34715d43cf7a,0.07692307692307693
7574e645-ed8f-42fc-bbb3-3c4546a91c9d,0.07692307692307693
2ef735a1-3434-4206-a663-f7f03c38ccd0,0.07692307692307693
2e65a765-9bb0-4e20-8229-4f3f5057d7b3,0.07692307692307693
74a5a890-268f-41e2-a13f-36d96c832733,0.07692307692307693
7cfe3457-119f-4222-8b9b-e19d411b04d9,0.07692307692307693
8be3264e-21eb-45b0-a53a-01061245466f,0.07692307692307693
7cb8f301-9b53-473d-af72-0f32d52fb578,0.07692307692307693
dfd45f34-3e8d-4c54-a8f7-735a36aa1b5e,0.07692307692307693
dfcb009f-18d2-4a96-804b-93b773e019ab,0.07692307692307693
0b15586c-3bd5-4be0-8987-22f599b90a98,0.07692307692307693
0a994689-1358-4791-9137-7b234a608eb6,0.07692307692307693
df90c734-fc2b-4a2d-9422-5d2e5caec229,0.07692307692307693
e21cd484-bf19-4a38-bc13-af9c9c2df4cf,0.07692307692307693
2e391088-adad-4997-8401-61d25eb63136,0.07692307692307693
2ddcad90-d6c7-43c9-a93c-97eca1e986e2,0.07692307692307693
2dabd13b-0db7-4c9e-8fff-60378bdd906d,0.07692307692307693
2da71b9d-c506-4678-9b59-006d9dabe906,0.07692307692307693
783fd95e-589f-4787-891d-f5f753c5d36d,0.07692307692307693
7748f618-4508-48b3-9fc1-707d9d8a369f,0.07692307692307693
76d3b438-8834-4408-8dd4-01b89c3c8266,0.07692307692307693
768e5be2-09e9-45ba-821f-4ed5f0d9f4ed,0.07692307692307693
7a5c2fb7-3179-4322-a09b-8197bad3e860,0.07692307692307693
2d580f51-bfd9-4224-b884-f57594e0df46,0.07692307692307693
8a6f32aa-8041-4f93-9d02-8b93fa208add,0.07692307692307693
88e194d2-5957-4029-9a64-0c695783fc40,0.07692307692307693
88b19f65-5487-41f4-85b6-bb8748d2903b,0.07692307692307693
8891d6a5-dc08-40b8-986a-8664ba824e2c,0.07692307692307693
882b32b4-bda4-4f3e-8f0e-06a35a315006,0.07692307692307693
87b73902-2035-474c-875e-2cb7a96f7e32,0.07692307692307693
87364fce-ab4c-41f2-aaed-b6bcc045dfc0,0.07692307692307693
8d0cab16-7916-47d3-bf99-4c4aede2b3b9,0.07692307692307693
28cc4db4-b659-441c-ae0b-bbc0ea753207,0.07692307692307693
283a31d9-1c3c-4f61-9d85-8612ee96ed4d,0.07692307692307693
28390002-2ec6-4ae7-a132-398a49d0a537,0.07692307692307693
8cdb1b9d-9432-4e26-a94a-c5c663760b3b,0.07692307692307693
e0b198fd-9001-47a3-a0d1-7a769a7fc4a5,0.07692307692307693
e0a6c907-f343-4f87-a3ba-a120dab98bf8,0.07692307692307693
869d47a5-4bc8-4cee-832f-2ad3b17ef525,0.07692307692307693
86957674-62d1-4dab-8fc6-203eadbe191e,0.07692307692307693
862676e5-3454-4902-be44-f511c560678e,0.07692307692307693
85b816af-5345-4c33-801f-fad2c461a5ff,0.07692307692307693
794cf05d-92d7-46d9-893f-25af04dc157a,0.07692307692307693
78fb6a55-5236-40fc-80cd-46c4bae6b3b9,0.07692307692307693
78f91786-8847-425c-a551-515975adbc47,0.07692307692307693
78d0eb75-1c89-4bda-8983-af0383fb8da1,0.07692307692307693
789b8901-1d38-45f2-a496-3b5be9801961,0.07692307692307693
7db2dddf-2fa7-4c1f-9357-10aac5cc8d46,0.07692307692307693
2ca1008d-6e41-4b99-83a9-b43186d9ec40,0.07692307692307693
7c0d5e54-0cdc-4b4c-9a7a-bbe64b8440fc,0.07692307692307693
83530947-8d09-4d90-b93e-efd99fac01ca,0.07692307692307693
2c29063e-8c38-44ab-817c-20f5cb2719fb,0.07692307692307693
81fd644d-75c0-4d1b-99f7-d5172e504b79,0.07692307692307693
81b552d6-dda5-4640-b435-4270d0deb935,0.07692307692307693
e1eb8761-a32a-4e5e-9c35-7b19fd709ccd,0.07692307692307693
0a1dd722-cc40-4876-b58a-94a4c9b8677a,0.07692307692307693
450cc113-ad7c-450e-98b3-25a9ce561153,0.07692307692307693
0248df08-da6c-48df-ace5-b8b97fc1087f,0.07692307692307693
01fe69a6-4523-4caa-8571-294b22dbe7de,0.07692307692307693
44d63323-fa40-4be2-8cd7-d351b9b7cd51,0.07692307692307693
ff7088e4-9fe2-4df8-9719-c94f5b914899,0.07692307692307693
feadf6fb-0ce7-459b-ab5b-2c2f02e0a689,0.07692307692307693
fe9ecc1c-d779-4017-9d8c-6cbf40360c6d,0.07692307692307693
019419a3-200d-41c7-b635-0594e2bff2f2,0.07692307692307693
fe7ddda9-60fe-42d2-9b29-a08be84a2326,0.07692307692307693
fce3d5ff-1102-410e-a5ba-c5199549baa9,0.07692307692307693
fcc31168-7686-49a1-a839-1a3adde98325,0.07692307692307693
432d3fdc-eb8c-4807-a1ec-8c4cb93ee6da,0.07692307692307693
40cb81e0-44d4-4270-a9e2-7dbb3241cd62,0.07692307692307693
40790408-65f2-408f-954d-464ff9f0d1c0,0.07692307692307693
44a65a93-42f7-4f38-aa6d-ce85d72fa7c5,0.07692307692307693
4357d021-79a0-41ac-b3f6-fe06597d603e,0.07692307692307693
430c4079-f4cd-43cc-804b-d2234ce95d74,0.07692307692307693
44dd5539-d145-4685-9a6e-c6220604243e,0.07692307692307693
48055713-aa61-49e6-92af-07a849a1c636,0.07692307692307693
c857e75e-74ad-40b6-b234-08bb5a2dc59a,0.07692307692307693
1419a446-01ce-427e-bc20-30a174b6d418,0.07692307692307693
140c1791-4603-46cb-8bbd-41fd1b330c60,0.07692307692307693
13d76847-d8f3-4532-9fea-eaa5b3f1c1e5,0.07692307692307693
c8315424-2f54-4aae-8297-9f135d33ae4c,0.07692307692307693
c8165271-44d0-422b-9ab3-370772e70b15,0.07692307692307693
c7d99c91-5619-4ecc-a045-ef4671ea1766,0.07692307692307693
c71cfc80-52a9-4968-834a-150e91d9a398,0.07692307692307693
2c143a23-6dde-4a18-b457-ed05408da2f1,0.07692307692307693
c6557e1e-b8b5-4f1a-bdcb-7257ef048aea,0.07692307692307693
8081ae7f-2e96-4966-8b03-7ae8703d536e,0.07692307692307693
098a9959-969b-485d-ab7a-bcc737583463,0.07692307692307693
ff330384-be2c-45f5-b91d-0cfc5673388e,0.07692307692307693
1356c511-68e4-4f73-a706-20739ab5db9b,0.07407407407407407
01e72c04-5dc5-4a11-9bf6-c48bbcd12bfb,0.07407407407407407
150489bb-f455-4401-bc85-9e23345e8e32,0.07407407407407407
3e5325f8-e195-4619-a6b9-866af88772bc,0.07407407407407407
7d34f0a9-11fb-4255-8891-2c0d98d10895,0.07407407407407407
fa99750d-907a-44d3-852f-2cdb570656c3,0.07407407407407407
1e5a55f5-dc5a-4760-9a95-da276b134641,0.07407407407407407
4880e5cd-898c-4bbc-9eb3-e01180b52fe5,0.07407407407407407
cb8953fb-2101-4189-9131-82abd554e15d,0.07407407407407407
f90acf6b-b528-4c65-be60-ddd0bfb939d3,0.07407407407407407
4e8a9b41-0f26-40a0-9159-7781c178ee3e,0.07407407407407407
600287e9-577b-426e-8e98-1c44d7a27855,0.07407407407407407
39f32c44-6c49-439d-9711-690d85a59b15,0.07407407407407407
b109bf12-c97d-43b6-90bc-5f9cc4ed8f6f,0.07407407407407407
d047bd86-133c-4a88-9e99-52c3e68c698d,0.07407407407407407
a9c7f2b1-2814-405d-aada-8dd5e7f0274f,0.07407407407407407
0772843d-fc41-42f7-8ceb-ff75e5f3d3f9,0.07407407407407407
ecec825f-c15d-4160-87fd-05ee0507f7e4,0.07407407407407407
0db0903f-ac44-4bbf-ab82-f10c9767050f,0.07407407407407407
d6fb32ab-d86a-438a-b68c-c21ceaeae590,0.07407407407407407
61bc81f3-2297-4613-b68b-aa3df008e4ae,0.07407407407407407
a4c10b56-c0d2-44f9-a5c5-155eb4c18e23,0.07407407407407407
e528e438-284a-4514-84de-651fd3330a2f,0.07407407407407407
02853b5c-c1ae-47d0-a16a-17d5cf2a9eca,0.07407407407407407
8c6973f3-4875-478e-9c27-51a96c2bd222,0.07407407407407407
e807292f-1f2b-4b6a-a5a9-b8db1c3e3712,0.07407407407407407
30f8cbe7-e3cb-4d42-95da-ffdb640d0862,0.07407407407407407
95651207-4a45-4101-b707-b99dea76f229,0.07407407407407407
3499c637-6284-4498-b552-002dc9deea6e,0.07407407407407407
698229db-3521-44a2-84fa-bab55b5b3b95,0.07407407407407407
6c5c2a64-934a-4c51-a0ef-f9ececea2b77,0.07407407407407407
6aed2f2f-402b-49f9-945c-f0f525f4d2ff,0.07407407407407407
6da5cde7-4f02-487b-9969-390aea953f11,0.07407407407407407
23148c1a-8e78-4ad8-aece-5f8df369af92,0.07407407407407407
e06269ba-52ff-401b-8d5a-4c275fdb5119,0.07407407407407407
9dadf3af-d312-49ea-abbf-2c8c4f977f84,0.07407407407407407
9a6fdedd-4da2-46f6-b07d-5bf3cdf27c63,0.07407407407407407
84af06da-954f-4091-8fad-5a6fcdd08654,0.07407407407407407
47454329-2b79-4586-874d-8db6ae27871d,0.07407407407407407
e054fac4-c912-4102-84fe-431157d8458c,0.07407407407407407
08a01cef-b9ec-48db-a631-5123b58f23bf,0.07407407407407407
ddf4d031-3749-44df-bff8-6447525d69f7,0.07407407407407407
23326dcc-bf8f-4c06-ad62-681cb0f4d662,0.07142857142857142
b86ec4d2-0fb1-4b0d-b20c-0063c81e2920,0.07079646017699115
43df298c-bcda-42c2-9ba1-c6d2d6dd81e0,0.05714285714285714
44df7079-053a-4cd1-a25d-ab6181c218a9,0.05714285714285714
3286e26c-d6f9-4e50-a936-ca3c1f11769a,0.05714285714285714
b5a15a83-77bd-45db-9bf9-863610c37163,0.05714285714285714
4271872c-aeeb-45c7-848e-3b7617faf7c3,0.05714285714285714
61a96ed5-5e91-4468-9625-7bc942a12d57,0.05714285714285714
12fb37f2-c871-4e29-bc69-a2dc97a70048,0.05555555555555555
edc8ef72-d236-43e1-9f0e-a9bc28f55c7c,0.05555555555555555
1d8d3542-35c3-4aef-94f6-d4f9613e9544,0.05555555555555555
961488ef-3947-4ee6-a50e-b88ad2d79f60,0.05555555555555555
1784a0ce-2c59-4dc8-b4c0-960add85be89,0.05405405405405406
0141fb15-8c75-42cd-ae64-fd9be935fba9,0.04
81b29c79-e198-42c7-93b1-80f318037e36,0.04
49dfdbfa-56ba-4aa3-9d29-5ca5c21590e1,0.04
498fb546-80a9-4639-ae3c-74603fce4498,0.04
fb3d97c1-85ce-4522-9f41-093ba12a08d9,0.04
ff016c7c-8921-4aa7-bd96-5fcb06f2d109,0.04
7ada97d1-fad2-4061-b6bb-6d941b54502e,0.04
c6cd0402-4c71-4cca-b75f-539e9524333b,0.04
441ebfd9-1de2-4732-8e17-32f8fc35dc63,0.04
3e2e8f7a-d2a8-48e3-a4ac-beaf2e745f28,0.04
c395e53e-be99-47a8-a575-a23fd06e47b0,0.04
c35484b1-9536-460f-87c6-8385ee99ada4,0.04
c3183f35-4948-46d3-b771-0ea699b664ff,0.04
c2b4e235-eef8-4718-ae12-ebbd50aa0844,0.04
c08e1f28-ccae-4be5-9327-e9cbf5a0e4c3,0.04
c057b197-ee63-46ce-8b0d-b65576bac2be,0.04
c5f14b09-0043-44d4-970f-a7ac32486ac4,0.04
c5d85694-43d3-4a54-bbfb-ccedab790ec0,0.04
7c70c934-7f24-4ce7-810b-c349df59f686,0.04
7c3e2ebf-1c8e-4257-93c8-dec52a5f1ae2,0.04
02717851-809c-45f5-86d1-54afef099bb0,0.04
43ca815f-5bff-4e22-9604-8434f5aae73b,0.04
41df85cd-a15a-4dbb-a774-f2156c6f88e9,0.04
e43712f7-eba6-479e-b566-cc89d55a5373,0.04
2eaabb64-c208-4bf6-978e-d6a83c8f70f0,0.04
7537e29f-3fc7-4df0-b4a5-98b0a33b6376,0.04
8c34c4fe-910b-4bc1-ac2c-068364abb1a0,0.04
8a8b55b0-83ce-4a9b-9c24-3e5a46cf28cf,0.04
8fc795bc-14ec-490c-82c4-f501c8bbd076,0.04
e042e5f9-cb0d-489c-aace-0078f1e4683a,0.04
e0305280-5a81-439d-b24e-4c6e00e46d47,0.04
0abb1c88-238b-4e79-911a-ec94e12f92e2,0.04
745fd475-2d25-4cbf-b30b-f2419d74c942,0.04
787a44ae-c53a-4814-ba28-ef484291c51a,0.04
2df16e01-cfd0-4cab-92c3-cfd57f2fd008,0.04
2de99ab7-56a3-4ebc-81c3-ed5d89e62999,0.04
3f51ec25-9568-49b5-a793-770f1ac34729,0.04
3f2cdce3-851c-42f3-b7f9-6238af0fe6bf,0.04
ff641ff3-87cc-4cc7-a6ee-71d8fd9cd152,0.04
7a9f099c-2605-44f3-b4ed-13afa16fc120,0.04
72f5f321-2a4b-49cb-8502-49e5f8f98753,0.04
72e50bc5-ed98-4aa4-9b27-80e934c25ab5,0.04
e688f3fb-7685-4b80-8db1-16f8bdf25760,0.04
e63c3cee-fe89-4dad-bb1d-d02c59bec74c,0.04
e5f3ec31-0f5a-4de7-8c3f-fabf40ead6b4,0.04
e5f279f3-8015-49fa-9bcc-050158695037,0.04
27997f6f-f0f4-4699-b8fa-9db96ce68286,0.04
8e85e5bf-4619-4a5d-bdac-14d53d1d0e23,0.04
8e673403-0cdf-46cc-9177-29c50a40120e,0.04
8d54edb3-7fcb-4f30-b99d-f1725a95a7ed,0.04
9285c7bb-e173-4d38-a810-a4f233b5481d,0.04
9274e59b-9ea8-451e-8527-6bb92abc6e21,0.04
75ba06de-7a1e-4b88-a347-574effcbf992,0.04
2f41d750-5c7c-4303-8665-db8c6996c9a9,0.04
2f3b706d-da5c-45d9-a224-80c7a9f98d2a,0.04
2f0d0ed8-a594-4394-a7b6-987deebcda62,0.04
71794b8d-7909-4f48-857e-057dce6ef40f,0.04
3172f33d-7a31-45e3-9312-0191bca16026,0.04
70f82d07-574c-4600-8e3a-a788481205eb,0.04
73cc8066-e07f-40c8-b47c-a58ac23d4b2c,0.04
94109b15-1fec-4d9b-9095-076107f2f9ac,0.04
93cac0c7-3ede-49c0-9121-5be1f609ba14,0.04
93ca6b38-a5a2-4d3c-8970-709207461e79,0.04
934c50ff-ce0a-43c5-b8f2-b63dc167a46f,0.04
92f13d75-2930-442d-a343-4c1aa87265d5,0.04
9168e264-9b20-4a76-9dad-08369c008d30,0.04
91148f05-29df-48a3-a8ef-f6dfba8584ed,0.04
90b226ae-936d-4486-928f-341c1d2aebf5,0.04
8fd2e5b3-ff5c-4d26-b4bb-0ebe92bae92a,0.04
9475b4fd-06f3-4625-a1e8-9013af83e5f4,0.04
0b7b3da0-4630-4394-92c2-31079a2d4f3c,0.04
de4d710f-0dc2-4a25-9e63-841852bc133f,0.04
0cf2068b-0f3f-471b-b14c-260665a23986,0.04
dd88c476-ad9d-46b5-a4a8-9b40094ad750,0.04
dc2ff9da-8816-4fef-9b38-e56e368405bf,0.04
9b1de80c-7a5e-4330-9043-60bcc257b1e9,0.04
23b06b10-4975-48e9-8bc9-acf7a6652ae1,0.04
231b6884-e561-4970-bac5-6dbb73ec1e8b,0.04
6f8456f4-efcd-4d50-9cc1-23d3a5735502,0.04
e89a9c80-c0b6-400b-8752-fd4a33e2eaeb,0.04
e83274c1-81fd-4318-9e92-afa32df6ba19,0.04
0883eaee-3963-46a5-9e69-4c23a2fee5db,0.04
25188e61-b620-49c2-9836-02cc2cf00927,0.04
956c3491-aa3d-4631-96ad-222a676ea6f0,0.04
95323f91-00c1-480a-ad5a-e58f2dab8fe1,0.04
94ed8137-392d-4221-9b11-425afd4031eb,0.04
23def3de-bf22-4f9a-83c9-57b2e73cdaa8,0.04
e7e8f582-a5b6-4612-9f68-5c03abc3cf72,0.04
e0ec9983-0e5a-4e48-9aee-6716eb235d4f,0.04
e068b0cf-c5b8-478a-84a4-6ab6857086b5,0.04
8714430b-7f30-46e3-b123-71dfede92e15,0.04
8711bff8-c7a7-46b4-8e2f-e0c221c9eff1,0.04
86a46be5-045e-422c-bc72-2f09ba4497cd,0.04
86a1aeb2-d468-48dd-8dbd-0d06748971f5,0.04
84539a72-f26d-4e47-8271-db3b0370bfa5,0.04
841b952a-83e6-4eff-8619-9bc7c2b18186,0.04
32d151ec-0253-4df5-9ec7-be9076a78735,0.04
6cc9dab2-7e49-4447-bfc6-9b5ed6bf31d6,0.04
9ad828e7-1609-4c12-859d-eb33fab337c9,0.04
9a8ccc28-08bd-4862-8f81-dceb27bd5938,0.04
99d8e03f-5924-483e-a6a1-26cecdca9fb4,0.04
0d8486c8-f666-4f0f-9c65-7211f5a0e57b,0.04
0d582a55-5fc2-4714-b81d-88edd1d20e37,0.04
966fdfcf-16c1-47c7-adda-82263913269c,0.04
34365685-fc26-4845-9af2-b30a25344235,0.04
33eda9b4-2fe9-44ea-8db2-ad87134aea06,0.04
33a96c13-a2bc-4006-b417-8a3af5460287,0.04
6bd27e4a-3e6d-4702-ad22-efc698a142db,0.04
6b9dc556-6a90-48f1-9edb-431c82163301,0.04
6b7c3e7e-8d53-402c-89a2-ff46b4e5f682,0.04
6b607348-4bef-40fb-8dbc-d07c9c1e1f89,0.04
69a72aef-013d-432b-8aa7-b66f02af8263,0.04
3351c660-befe-4cd1-9943-798b3898fac0,0.04
330c1d99-9cac-4b5a-b781-f0db0874f2ed,0.04
2dd12ef4-d602-4b33-ac43-4d4e99f179e5,0.04
7a049186-aadb-44b5-9176-e86b63b0246f,0.04
83e07938-a1c5-4af3-85d9-a02dc2430428,0.04
8a6473b2-921b-4ee9-9fec-a7a1d038c193,0.04
88ff7a98-c217-4a82-a6ee-01a0564cb7ae,0.04
8d4ecce5-ea0b-4187-869c-752e1dbf6dbe,0.04
eb991f33-9d2f-4493-bd31-12ad2dfb343c,0.04
eb103605-f8ae-4d2d-b669-f03ee62ba8ce,0.04
eafaf23f-fb04-4a8d-99d0-f315631ea5bd,0.04
ea4d8b5d-b4cd-487a-a391-7746526d13bb,0.04
d940a2f4-962f-4be3-bb3f-f6c76f73c431,0.04
dd9d2477-c072-4cda-b476-be2fef98d6ba,0.04
9d474288-ad6e-493a-ad58-c2ebe82eb6ba,0.04
9d3f38b0-67c9-4396-a71e-4124515931e7,0.04
227b97ed-7089-41c6-9d2a-97fb2a99ae1e,0.04
9cf7c8cd-1764-4a52-900b-24e3993f24d7,0.04
9c5b82fe-9ff1-402a-ac3d-024018d2deb1,0.04
9ba10d8a-8378-4360-9b89-775c14517d7e,0.04
ea142b81-2283-4881-ae6c-e747f88edfa0,0.04
e9de3bc9-ee0f-4a80-910e-cff127adbd99,0.04
e977769c-5001-4547-9efd-d820e985e3e0,0.04
e944f0dc-e527-4ccf-8cd5-6474edaf7bfd,0.04
06d6c133-3e8b-4504-9ce1-8bd6d797edd9,0.04
0683ee28-ab2e-47d0-a085-fbff1660f57c,0.04
ed621378-9f3f-433d-a305-04af904061a7,0.04
ed4727cf-04fb-4173-bc3b-73f038cd37cb,0.04
ec84b493-0783-4fba-8056-29facfbf6320,0.04
69679061-0657-4af4-9284-75848f7b3cf2,0.04
224e5ca5-ea74-4ba9-9c4d-e195d7e856ff,0.04
9ed9a834-968a-4447-895f-58efb9201b4e,0.04
20d9eaf3-00b3-4f83-9329-21742513031d,0.04
a3e75415-3940-4f57-8709-95b86ba95208,0.04
a3ac7d35-0d7a-444b-8eaa-90ee874d7a60,0.04
a3359779-5b08-4b87-bace-14e0b87ebff6,0.04
693a1610-afb1-4201-954e-50e1a113bf62,0.04
34b591eb-2660-4f42-8422-cbb2fa856de0,0.04
6814daa2-9afd-482a-a0a5-3824aff65f60,0.04
67e1d30a-7adc-4e5c-b239-426ed734ba4d,0.04
a206c40f-c4f9-42fc-bee8-393afdb69150,0.04
d89242be-c84f-4d03-8abc-4f686373a97c,0.04
0e2e63ab-3d37-4326-a350-bb0ec3a4f85f,0.04
d7fb7860-84bb-45f3-affd-09706ddc0200,0.04
a620a409-9c72-45dc-ba0e-fd790b89e1fc,0.04
644620d9-6095-4af2-9128-e308c4496efe,0.04
6414da86-3e65-4fad-8f61-e5fb4446ab2d,0.04
36112860-c51c-4d0a-a2db-ab11547a5219,0.04
3606fd22-ad28-4d0a-a907-1dba3e438fcb,0.04
35ce6bd6-790a-48e3-aa78-2afc020a1256,0.04
631476d3-13b5-4d43-8414-23738ad81c10,0.04
62900712-bdfb-4c24-bafd-1c1b04c928d2,0.04
353bf487-aa15-4eb2-9d12-393e8774d3af,0.04
65c62936-b45d-4f99-bff2-fe63563d618e,0.04
651c281e-d112-4e67-907a-545fc311d7a9,0.04
64c0acbf-2033-4552-8bdc-835b595274ed,0.04
a5a44e8c-9beb-4320-8523-c1191b906956,0.04
a533ef88-2d28-40ca-94d7-0860848f696d,0.04
a92f33a2-7941-453a-aa53-fae952ce6179,0.04
a8d7e6dd-4621-4409-9656-7f0849077808,0.04
a873c0a8-ed6c-426a-bb2a-209f2d9a387c,0.04
1f9bf3b6-9308-4620-a439-abae312954f6,0.04
1f06af3a-a1b8-40a7-b827-c08a85c77ba4,0.04
a7e9d2bf-1c46-41dc-b8cf-c81ee17681c1,0.04
a7e5071d-9283-4a92-aad1-c494799a5af2,0.04
eeb4355f-7f91-436a-809d-7c6243b6638c,0.04
62006c09-4665-4cb2-a085-c9131a1795f4,0.04
61ff4c61-c510-40b6-a449-0e23f5b3d307,0.04
60687029-70e3-4580-a16e-9a5babfe9e04,0.04
a2c64acb-76d3-4058-bb25-e75520069c64,0.04
a29eb42b-9079-4a1d-b39a-2173aae3840a,0.04
a282514f-1c3a-49ba-95ac-7069e04ca9c7,0.04
aad5c511-4994-4b23-8cea-9caf67ca68f4,0.04
a6f7a117-bf6b-46a4-aa38-5b5d499c0ffb,0.04
ab2f2974-a222-4ccd-ae93-411743f674cb,0.04
0f7ced67-7ab1-4827-8107-065966ac19d5,0.04
d5131459-4c7f-445d-9069-f45e01153d1a,0.04
d4f94fe5-c1c0-4417-99b3-2f9922392c60,0.04
5f0a3730-aa05-42a1-9568-3fea8116bf31,0.04
5ee67464-a649-4145-a014-24db09967761,0.04
5df68060-ec49-4b24-8084-00e7aca142e2,0.04
5db5d9b9-6411-42b8-b48d-77ae737d1d0e,0.04
f0badd63-3378-4383-b63f-dd054a9b15f0,0.04
efb18122-a9a0-4e72-bbe1-a908ca6dbbef,0.04
ef6a41d7-58d5-42b3-97ce-06d652cbf4e3,0.04
2054a5d3-d1d4-4fde-a4d3-f17662e877c3,0.04
20231bdb-6957-492e-9b2b-f3b9f95f2c7b,0.04
1fcb5e0c-5892-4508-8ff0-67dfbbe22d4d,0.04
59d32021-bde0-433f-9b7b-5c368078e5d0,0.04
595d8329-5789-498e-ba1e-e7a90c2ae14d,0.04
ab629eb3-f8ed-43d5-9fb2-2990464b093a,0.04
ab41b7af-d828-495a-a24d-a09fd216b86d,0.04
aedec0b4-ef92-406b-84bd-b34af71157ad,0.04
ae737cfb-beb1-4d58-858c-dc7f477d1716,0.04
1d45fa04-606a-4598-9618-186ee6a7f079,0.04
1ccdcea8-7f1f-497c-9285-717f02229978,0.04
1cbcbe8d-94cd-4a8e-a94b-c25b5a8cb867,0.04
37f6ef3b-1368-4035-a192-db4fd875437a,0.04
5ccdb84a-2cf6-4097-bd5a-dfea6119c8af,0.04
5b8afde9-700c-457b-8f9d-b05462f6f2f3,0.04
5fe33d9a-20a0-457a-95c4-ed8c74a76447,0.04
37541550-8c69-4ef6-9d00-995ed33817fe,0.04
1e721478-6d07-4b19-8c6c-329536dfddc9,0.04
aaf000cc-a227-4f52-be28-51a61fb1c57a,0.04
789ae1f7-555d-4945-bcbd-b11e54a54ad7,0.04
7897fa09-158c-4350-971a-1c0e7db8e8cc,0.04
7e1218ac-37f4-45f6-aba5-ffad9e700a18,0.04
7d372f2b-c66f-4d43-897b-11e7b5d22780,0.04
835b3c42-8c32-4afb-bf6b-e5497d7bb404,0.04
829a33fb-7838-485e-a74f-63625d0783ab,0.04
828f90a9-6dcd-4576-91cd-2fc94edf8922,0.04
872b8c5e-162c-4075-a582-76f3ca0975e7,0.04
e1f5dc41-f237-403e-ad4d-a586a08ecc63,0.04
0a79d184-33bc-4789-9353-fc053d842d8b,0.04
0a6ea85f-6541-455d-befe-168c7bcf5d96,0.04
e16020b0-1896-4252-a2f7-6336f5653c96,0.04
5b04bfe3-0d47-4cf7-abab-37617277ea4a,0.04
5ab2b6a3-ccd2-4e82-b371-64bde62f8c4f,0.04
5a83a52e-f316-4a2b-82f6-de864ec786df,0.04
5a5c47a2-d139-4b0e-9517-a9cac867f968,0.04
f3984c83-38b3-40ff-988b-1863e4168c6d,0.04
f29b3934-e14e-4343-98bb-f55ad1f38fc0,0.04
f224c48a-fdba-46bb-8e6d-64aa0c15e129,0.04
f1ff3131-243f-4c24-ac32-c866e42c8c61,0.04
ad4a140b-350d-4eb8-aea2-8f26bf85261b,0.04
d344ff80-4dbf-4bbc-aee9-35670cd06086,0.04
1026fa3a-478e-44eb-8891-32a974214b6b,0.04
d2185b1e-0844-4fa3-8dcc-96509b69496e,0.04
d1e1fbf9-6c4b-400f-893a-384f13b1c138,0.04
b0b7c662-c790-4b13-97ac-b297db5da490,0.04
f1592a8e-46b3-4ea1-977a-8542857d1cf0,0.04
f747d5de-af76-43e5-924f-558092857d52,0.04
79cc7881-d118-4627-91a8-0091c01e90d7,0.04
79096d9f-be6e-455c-91a2-4304efb3377a,0.04
790518c5-5b09-405c-8949-5e499e69d158,0.04
78cc240e-0aa3-46c5-bced-0376225a60be,0.04
592c4841-77ac-44b2-97f8-ce49efbef7bb,0.04
5889763b-c936-4a92-ad47-84e400969684,0.04
ce6ee386-6186-4ed6-b9ee-ecc7cfabc780,0.04
d3c73512-8e11-4eb5-a319-b585e3f4fa8a,0.04
b2be89b9-6a7c-40e0-ae3b-b2cfc310bbc3,0.04
1b3380af-3c55-4343-bf01-ba92286beb7f,0.04
b08a40e5-50e0-4c47-9fe8-01ec6d9086cc,0.04
b07e2960-dbe9-4503-9d18-23b3e6d9b57b,0.04
b0214415-c526-4860-8b74-a9aa69ae31c8,0.04
affca2bf-8287-40b0-be64-7b4fa5d68b93,0.04
cf4f9dfd-2ea2-48e2-ac37-25ee662b3b3c,0.04
cebdf159-5bbc-4e9f-8f3c-e420e20c2600,0.04
5772efca-7048-44fa-9834-f167d34d2635,0.04
56d1cf1b-c61e-4ca0-83aa-db4204856bd8,0.04
040cf686-6295-4eae-bfee-3d66dcb45c67,0.04
f3ec07f9-ec7f-4221-962d-f7d7d34d888b,0.04
f56a193d-a538-4bca-9cb3-cbbd453ec322,0.04
f539c62d-5827-433a-be7e-7d39dee283d4,0.04
b7db0c43-439e-4d2a-916f-4c159cf47631,0.04
b6d7c2d0-c12a-4c6f-aa09-c1132ba39ccc,0.04
b9256829-ba38-4e53-ba7b-95e5b2d39e99,0.04
b12d656d-af23-49a5-bf86-69211cc89167,0.04
19f1ae70-e397-4d95-a0ef-5a025dd98135,0.04
b51ad009-da3a-4b2a-a0b8-1e1378e69ec8,0.04
b50ba907-86c0-4f39-809a-a9a4b9782269,0.04
b48104f5-b1a7-439c-bcb9-9b360edc4b3d,0.04
b40486a6-d9e6-49ea-a0fb-0ed9ad80b9ff,0.04
faf7f8b5-9a71-42b8-a083-3c68e5bec1a4,0.04
3a4f5237-9250-4a64-a203-679a17b5f11b,0.04
51ea69bd-7788-416a-b9b1-123076952401,0.04
516a2e74-e36c-449d-9440-d085dee52266,0.04
51452458-d59f-4e1b-a0ec-f073a72f129b,0.04
4ea9629a-51bd-4c22-8bd9-df952783b702,0.04
4e4a8c0d-0561-4a19-a433-440dfe84eb5d,0.04
4e058c03-a8d0-44a4-ab6d-c50a1c1eb952,0.04
4dd28c08-e9ee-488c-a080-1b9ff4dab989,0.04
50b58017-7ded-416e-bc80-e88726fad824,0.04
b8fe3340-f527-4ed8-a369-0da2fe8638a7,0.04
b8db8b5e-0668-4661-a13b-54f9953a189a,0.04
cd52213f-6193-4e8f-b606-dad8b0d09d55,0.04
cd146bf1-7820-4d7a-82f4-63cb6a424e8b,0.04
11954a34-966f-43e3-ac78-e15cafea12c4,0.04
ccc44d8e-d6ee-4fca-9861-831fa3127e08,0.04
cca01eb2-9bcb-4beb-b3e5-7fe67ced9581,0.04
5664e984-ced7-4a9c-b5a0-f96e68d30e31,0.04
03c9f62a-d7a3-4c7b-a1d1-a33e5b57bc69,0.04
03c538a8-33cf-4f98-a1a7-cd89059707ac,0.04
0348c740-ff24-4f6e-a174-db69aa0453a4,0.04
cbcfaaad-9151-4c6f-b2e4-d8b46583e85b,0.04
ca76eb03-3bc3-4233-a559-b05356186b40,0.04
f81c416a-379e-4f47-90cc-78da15e0a3b2,0.04
f7509d8b-90d1-4ba1-b7c8-df7e9e378dc7,0.04
fc701532-7728-40b0-83ac-189462c3f0ba,0.04
4c7d05ca-8b08-4f85-a20f-90eb515c2fb8,0.04
4b5ba7d1-6261-4ea6-9246-880f12b38f63,0.04
4b24e352-241d-4f13-9c0c-cca443d94f03,0.04
4afdb2fb-48c8-402b-a2c9-db223f6471a7,0.04
bc2b725f-5d85-4e7a-970e-e17b4d577dbc,0.04
bc03972b-10a9-4679-9f4b-a73e07a09f7f,0.04
bbcdc415-568a-4168-93fa-9c016e463323,0.04
bb8ad838-9f1a-42be-8f27-0c859f2e906e,0.04
bb7601e4-2c00-469e-8cf2-38efc8957f46,0.04
fcfbca97-46b6-42f6-b28e-1721dfe49e6d,0.04
4edec311-7f39-465b-b6f7-751cc6b3bb95,0.04
00915c3b-7ee5-4544-a164-05b1a86c9939,0.04
fff2cb7d-0d55-4dd8-9a16-b99711103491,0.04
43da613f-cffb-499b-9de3-304853653e97,0.04
40503f41-5695-4ea2-b496-2023c0757953,0.04
3fc7854b-9573-4227-82ec-ab4795fc1a7c,0.04
46668fac-9491-4ba9-9779-16012a5f3e1a,0.04
144215e3-4485-4bb0-86aa-594efc839cd5,0.04
494c8e6c-be7d-45c1-b6aa-0d0f12dbcda1,0.04
491843db-2810-42bd-a010-2b2b171efc7c,0.04
4825314a-6eb3-4612-9ed4-46a50386dd5c,0.04
02d5a15f-c4f1-4af9-8361-4a8cbb6aa473,0.04
cd882056-fa9a-4239-b82e-45f4c821ca80,0.04
bf5080ef-6600-4803-a7aa-b2543abe21c6,0.04
be8e10f6-896d-4481-9519-00fd0b0ca4c2,0.04
17277f8c-9bb0-47c7-b1ac-62420dbf018d,0.04
bd4af3a1-32d8-4bcd-b952-83b6f51d3093,0.04
c627fe1a-b56c-40f8-a5ff-b9b960a3a52f,0.04
ffa26e58-2ea3-4e67-a8a6-4b241bf9f6f0,0.04
14e39480-721e-4e78-b91e-1aa5ccd11af6,0.04
c5995ad5-399c-4c0f-bf64-3ce154e8638a,0.04
c510fe7f-789f-4781-985d-bc2da078b604,0.04
c4854559-4538-4106-8c70-d60d39880f6b,0.04
139dc5fa-c993-43eb-9e06-915348ad9c02,0.04
1377b1d1-e28c-4666-90e4-ebe46d699124,0.04
1370e06d-881a-4e92-a2eb-31b9f62c9adc,0.04
e2bf3a96-8924-40fc-810c-70fccdfeb3d3,0.04
13352b21-1a16-4969-b814-ce2d4069c248,0.04
131239e5-e8e6-46f9-b509-a48bf8c0287c,0.04
3f567c35-e843-4a76-a651-7d16eb21c3c3,0.04
e4ac3e7f-7f8a-4c2b-9936-b91e7e05e3e9,0.04
e49d5672-ecc1-4f09-b75e-e41fb00cace9,0.04
43e15c66-87ac-4382-960a-3b586ee06210,0.04
fffcaefc-083d-4f87-b3e8-1a36c7ca1c51,0.04
8169bcef-3f6a-46a0-8608-e05e0f432a0b,0.04
2c2220d0-7d1e-481e-b8f6-c84224e77414,0.04
2c1c9069-04cd-4e83-a2c9-8b0a1420e8ec,0.04
2c13dc42-a346-46c1-aa64-4b880b1d7a39,0.04
2c06f7ad-1651-4f9f-82a2-f88a0d12f12d,0.04
2bda03b9-fbed-4c8c-814d-8315b77d9b42,0.04
7fa1bf15-a09b-4823-96b6-07bb6affd6ae,0.04
7e3af830-3fe9-4f34-adb0-6b20e5ec0714,0.04
e51cb934-2c60-4716-9604-d6c92dd9aa7c,0.04
143b8be5-88ae-4b10-a3e9-a4eba914045c,0.04
c74a5a4e-7524-4acb-be9f-f861df90ef70,0.04
002e8cba-d04f-4881-a1eb-a86359f3d966,0.04
fbe86e07-45ce-4774-ae05-49055e3a5d0d,0.04
fb75d48c-2dae-41bc-a991-d13ab203e992,0.04
44a6c496-a6f7-4450-be6a-4e7ef556ceb9,0.04
71234eed-f14b-4aa9-a2f6-542bf73982d0,0.038461538461538464
7524c8c5-47fa-47e8-b76f-1ee3fca1cf40,0.038461538461538464
63475026-0632-48dd-9895-0ee2633ec8a3,0.038461538461538464
45621b65-2832-477f-b149-3ff284c00780,0.038461538461538464
45533103-04b1-4ea8-a8cb-3cf3b17b76e5,0.038461538461538464
60c01885-c983-4fc7-af77-c828c62d532d,0.038461538461538464
7a4b0c9b-db9c-4d92-831f-a8ded54d4157,0.038461538461538464
7dd90b10-a5d5-4597-9861-bddcbe66d08e,0.038461538461538464
4cde1913-b8cb-4569-817f-79fb2d4311ae,0.038461538461538464
0172b7ee-db19-46a3-a9c0-98218d04a10d,0.038461538461538464
833baf95-b8e1-493f-8914-3998c67f2bb6,0.038461538461538464
30462372-8171-4c0e-bcff-bb3d8d0eab60,0.038461538461538464
8eb65227-168f-403b-9ec1-386d84129a48,0.038461538461538464
90ababa2-b850-4b11-9bf5-1afef1742cf5,0.038461538461538464
71cbb3ca-1b08-4843-8f77-ec53ab42888c,0.038461538461538464
696ad1e4-f6a9-4f0e-8a64-1ada5aea7b70,0.038461538461538464
80875ea4-bff7-47fe-9d43-178d5764f3a8,0.038461538461538464
6461e412-a1a0-46cd-8e35-d27af58a908d,0.038461538461538464
544be960-b87d-425d-a6ac-7a6fd458667f,0.038461538461538464
fb9b2b3c-b0fc-4998-9218-b09d3f22eb1e,0.038461538461538464
89f943ff-178e-4671-bd4b-0b2c106fc842,0.038461538461538464
6cc13f8c-a1c4-4694-8921-48f2ba9eae98,0.038461538461538464
36a67760-a449-4f59-a956-d615bdd25390,0.038461538461538464
388072dc-21a9-4676-8abf-bce82a752429,0.038461538461538464
36a5daa4-df13-4409-8e99-bcc6de8542a7,0.038461538461538464
4de6119e-7e9a-4cec-88cd-6c59c2776b4d,0.038461538461538464
881bc3ed-d41c-4f53-a68a-d943823ba66a,0.038461538461538464
8c9afab7-397a-48ef-ad21-d5ce941f02f1,0.038461538461538464
9a747556-b161-46f2-bd73-cf540629515e,0.038461538461538464
7601c2a7-ec38-4541-918f-3ab7569d1b3e,0.038461538461538464
8aac120c-57aa-426c-ba8f-ef5c416f723f,0.038461538461538464
39fa660d-dbb5-47f6-8602-5c06f11f72f7,0.038461538461538464
4d7e02f8-f2fe-4de8-bb54-023f3e0aba3f,0.038461538461538464
856bdfdf-a2cc-4a31-b8c9-e4c85bf4657a,0.038461538461538464
6db2f82f-5a24-4e9d-8f3a-f02eb73d143e,0.038461538461538464
39a170a9-2d84-41d5-9e40-f06f954ba16a,0.038461538461538464
82940315-06f4-409d-abd3-fb501b8a8e17,0.038461538461538464
fe14afa8-16c5-4aa6-825c-17b58fa4fd21,0.038461538461538464
6da951f3-f180-4a8e-ae7d-881239d4a95d,0.038461538461538464
437bc024-3116-4719-80a0-37aaffe5e954,0.038461538461538464
87df758f-0019-44a4-a7ea-3364b5b18a0d,0.038461538461538464
5b497941-be7c-4b68-a360-51c074882b74,0.038461538461538464
4342853f-eba2-4bc9-b3ee-a1a765cdea5a,0.038461538461538464
4a6ec11c-91b4-4374-b212-3c344a7468f5,0.038461538461538464
fdc017c0-86ef-4ac4-aa5f-642c4664a584,0.038461538461538464
6330586d-4c88-4917-90ef-32dd0cd4c39c,0.038461538461538464
7447042a-a4a1-42c3-9757-45eb204225e4,0.038461538461538464
6ac0c333-d3dc-4522-9be8-7dfab4baa6c7,0.038461538461538464
891d7cd3-8725-43b0-83b6-8d44f09ce769,0.038461538461538464
3fcdca9c-37b3-4466-b6ac-8dc02d486d59,0.038461538461538464
a0f61066-c71b-440b-a9d6-903bbe625f8c,0.038461538461538464
2a71896f-25a6-49d9-a85d-5cc43a53b3a2,0.038461538461538464
a37c786b-ff5c-44a1-aadc-f90d4d048fa6,0.038461538461538464
9b79a366-5892-4301-9222-a5428920e206,0.038461538461538464
8efe537f-1387-4984-bcbb-f2c9e0eeea48,0.038461538461538464
8b650a29-42db-459e-8199-c6e86842460d,0.038461538461538464
3a897509-35ac-4501-a805-5d2d939f98b4,0.038461538461538464
4e5287ed-20f6-4d67-a288-a9348fec2180,0.038461538461538464
5913d795-de52-449d-bc69-5e459938d5af,0.038461538461538464
66923e7a-3f8d-4dd3-8dc8-6415ae25e4d2,0.038461538461538464
2a1dda0a-4e5f-444c-8a7b-df1a33ec94be,0.038461538461538464
7d1e834c-c897-41fe-8f0f-24f581a56763,0.038461538461538464
22d1cce5-3119-40a8-9259-49a44bfe02a3,0.038461538461538464
7e819cae-eb0a-4cb6-ac98-235d1f0c834f,0.038461538461538464
3652ec83-ba7b-4a79-830a-008988e1726a,0.038461538461538464
925cd358-0da8-42b5-98c8-b30adeeb9776,0.038461538461538464
2668f737-86b7-4256-a044-0cefb1bb5b3d,0.038461538461538464
9ab1fbde-f27d-445d-b9db-4b805fdd5cbe,0.038461538461538464
4efcf95f-193f-439c-8c34-97b1b392a50f,0.038461538461538464
7856f3f4-bbbf-49a8-bcc4-53f861cfcc99,0.038461538461538464
2e976189-2efc-444a-8d8c-182a6068345a,0.038461538461538464
29e0be19-ef92-4874-98b5-7bdf268927b0,0.038461538461538464
4eb51526-190f-4c60-91c3-bc9b6df1c3d7,0.038461538461538464
ff79281b-1bf6-42ba-bf12-a0f9f3ac456c,0.038461538461538464
4c77165d-a78c-41dd-a76a-64f5122ee3da,0.038461538461538464
2ab8aaa9-dd02-463f-abfb-ac4f14358c4c,0.038461538461538464
30e2641e-846b-41d3-8152-99dc082d80a8,0.038461538461538464
8aeb16d1-57fa-4d10-9073-0eb811f53f99,0.038461538461538464
537e1b19-1acd-42da-8bd9-6c5423ade060,0.038461538461538464
783a68e3-5558-4d34-bd6e-c04bf1cef04e,0.038461538461538464
40e9431a-0908-4216-83ee-90a8a521719d,0.038461538461538464
535ad8df-dd42-4abd-b10a-b0acffd4bbd3,0.038461538461538464
4c2659a8-119a-4c5a-a896-fcd7f0cba3be,0.038461538461538464
6fb8bd09-3f33-4e58-848b-828db8458dc5,0.038461538461538464
a2e1e246-1c4c-4e28-a271-7c2b0a060d9a,0.038461538461538464
a3db8ac8-bd82-4a0b-9651-240e3aad84c3,0.038461538461538464
a4986dc2-c431-47d3-b29f-e9af2861a87a,0.038461538461538464
2174dc81-cec0-4d33-93f2-6e18dd24c9d4,0.038461538461538464
20fb767b-badb-4ba8-b82f-006f663f06dd,0.038461538461538464
a4359c8a-e8a4-48bd-a1c6-9362c6afa825,0.038461538461538464
a60cfe2e-0403-4479-bb38-9baf502fa5bd,0.038461538461538464
1fcb72f6-9e6f-4e8b-9a30-981b7bea1939,0.038461538461538464
a965191f-6b3e-450e-bfea-929ef587b10a,0.038461538461538464
a8fd5cd4-fbfc-40e7-946c-7677d61cabf1,0.038461538461538464
acdeffbd-cc68-4d36-97a4-077a03cfcb7a,0.038461538461538464
ae5b3ad6-f3bd-40c7-b127-f5bd5aacc217,0.038461538461538464
b077834a-1317-4141-abae-ca0073bf80ef,0.038461538461538464
b05189af-3db0-47f5-b910-fb8b9f0fd1b5,0.038461538461538464
b279a4fd-e51e-41a2-affe-ec85ff1db61d,0.038461538461538464
b3f6f8bf-6e3a-4401-8e71-6067fe2aa3cb,0.038461538461538464
b32657f4-a9f0-461f-948a-e96f905c6375,0.038461538461538464
1a0f95e0-88e8-4b5e-9c4b-4fa7cffc329a,0.038461538461538464
b6af9297-992e-4af1-bacc-4e538d172b89,0.038461538461538464
bab1bac2-20f5-46e3-9233-25d85559e924,0.038461538461538464
ba499b46-a593-46c0-8cf8-45688a0ab223,0.038461538461538464
bba8301e-9f2a-4eea-8b83-f84c099c38e5,0.038461538461538464
bc8d6c24-6927-473f-8eef-770f2c193b90,0.038461538461538464
173231af-4d62-422d-b116-5dab00a8a564,0.038461538461538464
beaea582-9d8a-48b8-a67b-041009f8511d,0.038461538461538464
1536e184-4226-467f-b821-d760dd6216e0,0.038461538461538464
c3dcc7de-5637-4854-9822-a60c204edda7,0.038461538461538464
c6f7b720-d9d6-4f8f-955e-d7c4466b1622,0.038461538461538464
c85910c6-6af6-4215-916d-124738dfa5be,0.038461538461538464
12d927f1-687c-4dde-a865-641da258a51e,0.038461538461538464
12241056-3444-419e-aea9-ba5d8e9f4b0e,0.038461538461538464
ce1b8064-1fd3-49c5-95ac-aed0dce691f0,0.038461538461538464
d117b2b7-e5a1-4964-a00f-77fd84d5cb30,0.038461538461538464
d1ea9c5c-c7c4-4dd9-9027-94c6caa5880f,0.038461538461538464
d295ead1-8d41-404b-bcc7-ef038d2b32bd,0.038461538461538464
1050a7f1-adcb-4d50-88fc-459258d33947,0.038461538461538464
10412a21-6933-414b-8dc0-03745db828a3,0.038461538461538464
d3dd2e04-d93c-479e-9ffa-3b625e0ceed6,0.038461538461538464
d5280087-d633-4f0d-a053-f64174c05411,0.038461538461538464
d4d69fdd-8feb-4ca1-8e7b-29c8bdd958b8,0.038461538461538464
d4d392cc-db59-4f78-8c34-25f38b7432e7,0.038461538461538464
d46871c8-6bd4-4f8b-8364-2e47d7e3c5f9,0.038461538461538464
0faa0219-ea51-4685-8516-f2bcf25eeef0,0.038461538461538464
0f957fc6-1a3a-4981-8e57-482e0b335588,0.038461538461538464
d85c8c1a-2e23-45cc-be03-6f220f2c408c,0.038461538461538464
d99270d4-af2c-47a8-90ce-cc7f248efa81,0.038461538461538464
daf339ea-5d68-4f77-8b1a-d85a44fc90eb,0.038461538461538464
0d1059e6-78ef-4080-badd-ff4cd5e1f912,0.038461538461538464
0d0f3348-2e2b-4925-a1ea-eac1393b53c3,0.038461538461538464
de26122d-d5ec-4c33-8348-19b5478e253a,0.038461538461538464
df22b88f-366d-46ea-9b04-c2c215dadde8,0.038461538461538464
0c5e8cd4-c1a1-401f-8a8f-9bf3306251c0,0.038461538461538464
df6eefb2-6796-4589-bce0-e9a1d24788e9,0.038461538461538464
e0bdf1ab-507c-4938-b835-65e5ba358996,0.038461538461538464
e2007476-0019-4e85-a17e-3fa31395febb,0.038461538461538464
09d511f0-d93e-4a62-bb64-65da5bd89910,0.038461538461538464
e6c0abe0-4458-44a1-8c6a-0ecd02c5fc1d,0.038461538461538464
eb901b29-bbf5-4b9b-8e1c-d5ab70bfd286,0.038461538461538464
ecb94743-3bdc-43a8-9248-434382576bdc,0.038461538461538464
eee148f3-6d16-4c06-8a20-4127943082c5,0.038461538461538464
f1cf13e5-ff52-49fc-9cd2-3797496632c8,0.038461538461538464
f34dba1c-131f-4cd7-8d45-3d6fe09827fd,0.038461538461538464
f3006722-3339-4a0e-a93f-7dd7058d5664,0.038461538461538464
0535fefb-49bd-4e1b-a9ce-155dfd127437,0.038461538461538464
f4a41af4-a7dc-4dba-bc68-abf4dff6d2ee,0.038461538461538464
f49028e0-1355-4aa7-a96d-f975e587f14b,0.038461538461538464
f5a5c239-7f68-4259-bd09-7484aa019247,0.038461538461538464
f612f9ab-c6e1-4fcb-8d40-b9aa3982ae72,0.038461538461538464
f6054e12-3a0d-4014-b637-c569c12caf0c,0.038461538461538464
f7fb239b-9a23-4865-9015-f87f8ff6bee2,0.038461538461538464
f71da343-e38d-4b16-bf48-2b1ddbeaed15,0.038461538461538464
fa4380e9-b7e1-4396-a4d7-77875406cc56,0.038461538461538464
02f1e75c-a61a-48f3-ab72-a94b21b39c27,0.038461538461538464
020919a7-5df7-4f5a-98eb-2b9391cde624,0.038461538461538464
5d8cf6fa-dcbc-4628-b2ac-e1771fb07a71,0.037037037037037035
2d19bd66-c139-432b-b68a-3cf053f49201,0.037037037037037035
5f89a6ba-6841-48b8-bfe3-5f14b9f0b776,0.037037037037037035
03880781-3564-4ac8-ba1e-345df89f6271,0.037037037037037035
ad886513-81ea-4638-8fad-01f9b682be48,0.037037037037037035
1bd9772e-6ecb-4922-bcb1-c10f65f9c3ad,0.037037037037037035
0f8bc339-d0b5-46c5-8def-c8e12627b0cd,0.037037037037037035
0746b8f8-f692-4526-95f3-7732d8e27b17,0.037037037037037035
d9c2464b-4490-4149-9aed-ba8588697940,0.037037037037037035
cc8c8fe6-a956-4014-95a3-9bfeaf75171e,0.037037037037037035
70995667-3204-4eb6-88da-dddf4cf3a1d3,0.02857142857142857
1ed72121-5d64-4910-b708-3f473b32cf7e,0.02857142857142857
00861a55-7dc4-4dfd-a477-fbe80b5e6a67,0.02857142857142857
e2c9ec02-e173-4773-a3e5-c351a35b97ac,0.027777777777777776
1e99ed8f-8644-4874-ae90-2d0f47a66c4a,0.027777777777777776
452a6bfb-6aef-49e7-ab56-ad126d74744b,0.0
450f2b00-b238-43c3-9c5d-2e06f8062768,0.0
450e07c7-bc47-4b27-bce1-523af57b625d,0.0
44e8dfdd-09f0-44d9-b687-a6905c762bce,0.0
44e6d74b-b6fd-4443-b75a-42284b508f3b,0.0
44e08571-d0f4-45ad-be4b-bed00e951fd4,0.0
469e02a0-4415-4206-87f3-9af6f752c4fb,0.0
4682efa6-712c-48fe-aeaf-6024bed82af6,0.0
467f117f-701b-44a3-b271-894f4605bf36,0.0
466f0725-cf9d-4f3c-9f31-cf27b0ce319e,0.0
4668cbc7-c29f-46cb-a2f2-639406f974f2,0.0
46616af3-8a9b-47b3-9fc4-1536db0832ba,0.0
4626327d-5575-4fca-bf10-e0529bc085f9,0.0
45ee6347-9a93-4af0-833c-f7ef31f27612,0.0
45e2cc6b-3a79-47bd-844a-cb0198440a59,0.0
45d7d0b1-b284-4bb8-b841-9cde05bffc06,0.0
45bf0e7a-b08a-4af4-90ff-e3c6750659b0,0.0
45a3784b-1a4b-45a4-b5fa-bbfb65e0a4eb,0.0
45a017ff-a287-48d7-a483-59723b5e244e,0.0
459a84e9-7e6c-4b42-a7c1-bdeb99dccb75,0.0
458f284f-6c15-483d-9e9e-1b98bfd585f6,0.0
45898d98-c0fd-4ec1-858a-6836d1db9631,0.0
46e08816-b2f9-46dc-abf1-18e476d247ad,0.0
46cd11e4-aaac-4d33-afc8-35d75771a77e,0.0
46c8191d-0349-4f1a-8505-d981359ca20e,0.0
46c0e228-9736-4188-aef2-5e5198fdf63a,0.0
402f31a7-e86d-4866-b5ef-6a7bf438470d,0.0
4016a0ed-b882-41a5-9ad4-002140fad523,0.0
3ff089f0-62b5-4dcb-82f6-1e7ce5bd65d7,0.0
3feed5d2-46e0-4b8f-a64e-f64468712e56,0.0
3fe84aa7-f6a3-4cf7-925e-325912815b5d,0.0
3fe19255-44ac-4bbc-8f1a-ff8f71b4e417,0.0
3fdf1e0b-522f-4d37-afe4-2cac90dbe7b6,0.0
3fdb2703-e785-4731-b2b7-0c59035232fe,0.0
3fcf7338-250b-4f2d-8c9a-1177713bb718,0.0
3fa6836f-7118-4d41-8780-ee7261a22df3,0.0
3f9ecbbe-8d36-4c08-819e-d07cddbe312e,0.0
47d482ab-2bf0-40a0-bf30-920684ccf489,0.0
47d1ec70-02b7-473f-8ac2-fbaada95408b,0.0
47cf253b-2ce5-4188-9c50-59b6bab694ef,0.0
47c0e998-5902-4232-8c39-7f9da1402d20,0.0
479767e4-cf32-4e56-85b6-3e4b790edf9f,0.0
47726c69-c718-40af-8a71-004f7768b0c1,0.0
47583fea-4419-49fd-88a4-870200eb7252,0.0
4757ea3d-728b-4bba-ab7e-8244731a3dd0,0.0
47567c2f-0e08-45c2-b6cb-443fb2f96cd5,0.0
474aba56-841e-4d56-9f4f-af388e5525bf,0.0
4731ffe0-f1e5-45ef-898c-f4746ab7264c,0.0
4728fec0-45a9-4772-8e4a-42dec53429e5,0.0
471f6fb5-d786-4b08-b7bc-ec6eb1a497dd,0.0
471efa8c-253a-4ad2-b530-198c5f723646,0.0
470d3a91-8fb7-4c13-a898-f2cfcd02a8a1,0.0
46fa2caa-0a5e-4c6b-9d6d-8e1c5514dc57,0.0
4804c515-a589-4230-b3fe-e3390ae8fc97,0.0
47f25f5c-f3e1-421e-b878-c4159e2e36b2,0.0
3f9a68e8-eeeb-49f7-8604-3e9a235f2116,0.0
3f8dffa4-91ac-497d-9948-54743b174a6b,0.0
3f83aa69-98e7-4a3b-8d4f-b806fadc2078,0.0
3f67de3b-841e-4ac2-9a8a-1dc1c4cc62df,0.0
3f5bd528-7e3d-47e9-99c0-ed894399f1e8,0.0
3f504476-a6fc-4086-851f-dfb948c2352e,0.0
3f4f0dae-53cd-4034-8ee9-8f9cdb50b823,0.0
3f3c29cd-4de3-4c5c-8ebf-63e088a2cb8d,0.0
3f334fbb-3777-4a06-ab01-1dc8d5c8caeb,0.0
3f1f6980-568b-4840-bed3-9e9fd528550e,0.0
3f1e4eb8-2e02-4294-93da-0230439e804b,0.0
3ee6f031-5237-4344-82b4-3da5e70fea1f,0.0
3ee29fb8-0b57-4d5b-b0c9-ece57fb6a4b9,0.0
47dc76cd-0f62-43ac-bdf4-b3a0c0cc8869,0.0
497126e3-50c4-4fae-93e6-930227b2d48b,0.0
496cc91f-5d8e-4e34-808f-d7687456ae7d,0.0
490ef686-8eb5-47a5-bed2-1a6a39752195,0.0
48fd4aee-6e03-4e6b-bffe-fc264e5f1554,0.0
48e848e7-9b5e-4bd3-84fd-338bec8a8bdd,0.0
48d64b2f-4028-4d13-87f0-8bbf4d72c196,0.0
485f02ec-2c94-464c-b434-3287c050c261,0.0
485e37bd-63fa-42c1-967e-cbc9d75ffcc2,0.0
485ad7fb-cb3e-4e2c-a848-3dceae4fddda,0.0
484dcc65-ff03-401b-9494-9acf0a923b43,0.0
4829ddd6-e5e3-4b85-891e-44ee7fb9e629,0.0
4827b217-e5fe-4267-b186-29a96d6ba539,0.0
4826edd2-ef79-4ef2-8ef0-be40e8941937,0.0
48196efe-af98-42b4-8633-59cc97f4e089,0.0
4817cbd3-605f-4eaf-966c-c6aab2b7d680,0.0
480fdb11-d1a8-4115-895c-de2d7785e08d,0.0
49b3732a-0677-4294-b5c2-9a5d9d01458d,0.0
49b2c6f7-964e-42b1-9bd8-abbc214d527a,0.0
3ee25b18-4a77-4693-a396-902042248904,0.0
3ed19bf1-59f8-426d-8b34-4779c1aade6f,0.0
3ec6f3fc-2743-4c39-9dfd-36c93713e643,0.0
3e9c1674-b503-4d93-ad60-0adfc5b0d7b1,0.0
3e8254ee-eb57-4932-b3c7-cbb3c6b59892,0.0
3e807c6f-c90c-4b68-b53a-1a63c0c1211f,0.0
3e59c509-d0e0-41d1-9b89-bd4832fc28b1,0.0
3e4eda64-2f42-4925-b849-a4a181998a24,0.0
3e44c36b-d54b-4296-a442-50326d055e4e,0.0
3e2bbab7-7cec-465b-adc4-9e50f31098fb,0.0
3e1703e8-0400-44d2-9e5a-16afda02c503,0.0
3e102e83-d9d6-40e0-a4d0-24f45e852472,0.0
3dfcf35e-5111-44d4-a504-7cf28b449f32,0.0
497ada7f-bd1f-44f3-8e7e-61cc1df1d299,0.0
4aec0c3a-d20d-4ff1-b2f9-734b324a4244,0.0
4aeb2bc5-5014-4b49-bbd4-4574100b0c13,0.0
4aeb0e76-64ae-442a-ae75-c649a9941690,0.0
4aa1ffeb-4d33-41ee-8a05-89cce7d59a93,0.0
4a7ef666-cb93-4223-9bc7-8639ea98de87,0.0
4a6427f2-accd-439a-8b89-a61992e7fe40,0.0
4a2f2f89-26de-4819-9f70-85e0aa56d128,0.0
4a22c011-afaa-4405-af32-ed8157eaf59a,0.0
4a212e51-439e-49b0-ae22-bd4dc90aaba1,0.0
4a1890d2-c937-4bbe-b38e-47de35d421db,0.0
49f6bd7b-5e90-45aa-8cdb-74635048c2c7,0.0
49ecd2d4-b46b-4c09-bb99-09dc2cf6a18b,0.0
49d1beb9-4411-4d74-92fc-5e229468f201,0.0
49c20c83-e4a1-4060-b40a-77092a50c035,0.0
49c1e157-d05e-426f-95eb-bac96bf7b747,0.0
4bc46297-7f23-4e4c-a71c-c6c7632a4b78,0.0
4bc256d2-92a9-4219-8df6-11d50e59add8,0.0
4bbbeca1-af76-4890-a9f3-e80d244f083b,0.0
4bb5c50a-96c9-4174-814e-fcb07ecf71a8,0.0
4b9484de-e16f-48e3-9923-88a81cdeae74,0.0
4b7f5f28-82c4-4b99-9f19-56cf843f39bf,0.0
4b7e8e84-0fd3-4bed-a83b-b97b9a0fa287,0.0
4b7bb443-087b-4097-b16a-7e0b1fcdffea,0.0
4b7b8749-b9d5-43b1-ac8f-622a7c04b587,0.0
4b7b26e2-759f-4c7b-8c82-21c78077d10b,0.0
4b63fac5-400c-4fde-905d-2e82a279de49,0.0
4b4edd3e-9560-4c55-9d5d-89820395d455,0.0
4b41f1de-c468-4984-9499-7eff04d055c3,0.0
4b3e6d8a-33bc-4bef-ae15-13a0e82e59b3,0.0
4b1ec7b3-96b9-4bd0-93f6-a1200c88416b,0.0
4af3ac20-e647-41b9-92b5-c7241aa26f49,0.0
4cd58b2b-93ba-45c9-bf2b-ee809acd4455,0.0
4cbe36df-71a0-4e9a-83f8-e45f7a79fe29,0.0
4c9eb1e0-8f6d-458b-82ca-0523620f219c,0.0
4c6d58be-3599-4822-bc77-ed516b52da45,0.0
4c6d071e-f1a6-47e6-b56e-2fdcf00c67b8,0.0
4c6cc9ee-cd6a-4cc4-a704-107cf5589b7c,0.0
4c6557f5-6555-4b75-9d39-8b9e80d6783a,0.0
4c5ea091-72ff-4987-91cd-d692133e5a8b,0.0
4c2aa794-673f-4e27-8fcd-974f12f55368,0.0
4c21a542-4285-4ec0-8763-a31e789d581d,0.0
4bf77463-8d0e-463e-947d-3aaeba47f66d,0.0
4bf27307-211e-443f-a47d-fc295133c53d,0.0
4be0c592-cd66-4131-8f80-379154a8cf37,0.0
4bdf8dec-d78b-4d87-b59c-feb7adb91776,0.0
4d0db708-a5f8-4f63-8f54-5ce87c93c5e0,0.0
4d042fbd-39af-4650-ba08-234c9bcbac2c,0.0
3dbfb369-f124-43e1-981a-ce7c3c6a7bdf,0.0
3d9cf417-364e-4539-9497-ed5f64e501de,0.0
3d7f8a51-24a2-4cf2-8879-86cc2c31403c,0.0
3d7e23ca-b87c-466c-b6cd-9c03b9d90dc3,0.0
3d751f42-7af0-4a96-822b-b389b240d622,0.0
3d688d5a-58c4-49ff-860b-79da9a1d6be1,0.0
3d662cda-0991-419e-947e-95d77f7df57a,0.0
3d61538a-f741-4ab1-9aab-3b1bf1d97bb7,0.0
3d3e5810-8949-454e-aee6-8b602d3c0e74,0.0
3d1178e2-4203-4cc4-845f-e8d74bb99edf,0.0
3ce1f265-1887-4049-a69b-79514ceec4d4,0.0
3ccc54ac-59fa-4cbe-a29a-3d8f443bb794,0.0
3cc1067e-ff3c-4916-a754-0e0dfc9129eb,0.0
4e25a41b-fb6c-42d9-8839-72053f561ebc,0.0
4e171a3a-8c27-474c-897d-8358d1bf91d5,0.0
4de1b53a-71c5-4f1e-affc-9784c5fa7a39,0.0
4dc35718-5c01-4b5f-b38d-045124d1d88a,0.0
4db8bfb7-26e9-4625-a907-8392e00a9ef3,0.0
4da53361-f155-4453-8abd-9617ad0d89b4,0.0
4da3c93e-0c9c-41dd-b611-da2a9fa81591,0.0
4d8c4e71-babb-4630-ab4d-0016df6195e0,0.0
4d4fc74b-0d57-4270-8c4c-52bc7335f655,0.0
4d43cc6f-02b2-4fac-99b0-9e1794934fc9,0.0
4d3ef643-cdfd-461c-a2d2-225d67591d0a,0.0
4d2e6a50-5bdd-4f24-8c49-c6a6cdc0bbb5,0.0
4d157591-c511-4f71-9eca-232d05f49980,0.0
4d0e3218-4f19-46d4-acbd-3ac9dfe9d16e,0.0
4e85fea1-ad18-42ab-977a-f27f917a588a,0.0
4e837686-6f2e-4c8e-9f6b-01d2443ef40d,0.0
3c8cf760-a374-4b17-9517-7f86e935b538,0.0
3c81c698-335a-4f0e-8ccd-3132f1e2b0da,0.0
3c7bfd90-e8eb-48b0-920e-dc017038929a,0.0
3c794fbe-8a9d-4633-b274-7a79fb12cab8,0.0
3c238247-3ebb-4600-81ad-d21c398d8926,0.0
3c1fbdb7-eed9-4579-bf43-3e480ce53919,0.0
3c0b6c6a-c69d-4f2c-a059-11644e682473,0.0
3bde18c5-22a6-4727-aba6-d21af6207b64,0.0
3bdbf640-2448-4b59-92e8-4e507df10dda,0.0
3bdbdce0-316d-4757-9242-fab62993ec59,0.0
3bdb862c-7bdb-436c-ad46-f43d063c651b,0.0
3bda0688-e1ca-4852-ab9e-bdd8ee3cd49d,0.0
4e3928b3-c50e-4b4a-a924-68b803865118,0.0
4fab5ea0-0ec0-4bee-a5a8-dcd8e7b7760d,0.0
4f898864-883f-46dd-8cce-3833e31be4c9,0.0
4f86b2b3-be5c-4387-b594-ec17cd44f8d4,0.0
4f75c4ae-0f75-476d-b4f8-d9e59d87e77d,0.0
4f6fd47a-d9b5-45db-949c-982750e22411,0.0
4f68d0d6-d2f7-4c72-9efc-7fa0184a8ecf,0.0
4f651ab9-dd5c-4542-8f01-a5d3efac0c50,0.0
4f14be37-3e2c-4b3a-af0b-e0c2214dbf52,0.0
4f087095-9fd4-4e7b-ada3-d4b6af552a53,0.0
4eeb3459-abf3-4e2c-bb3d-14d9e1fad508,0.0
4ee53bcf-fb24-40aa-9f90-f1d32cfca76c,0.0
4ecedb76-365d-4cc4-8448-04ea43522204,0.0
4eab3823-81dd-4f65-8f9a-c7ee3e110879,0.0
4e8ea7f6-795b-4813-876b-7bb290c33525,0.0
5076ddf2-23b2-48f2-bc7e-e74a93399920,0.0
506b256a-53e3-4739-a1ea-2f484327b18e,0.0
50564c22-0578-4852-8f19-bea107bbc0e3,0.0
503f0346-32d7-45ab-b5ad-e6edca8e9d98,0.0
50369952-8110-49c1-a735-0b233c8d401a,0.0
50348a54-eb69-422c-8351-91390e5c8479,0.0
5026f839-c6a7-4d50-b681-3741ebda2fd0,0.0
5021e0d2-532a-4bc1-9263-ba1ebcdfb15d,0.0
501e1b7e-3afc-4a6e-aa7b-3c19007011bc,0.0
500d73a9-2381-4254-bd17-e19386b3f9ae,0.0
4fea1ea0-86d7-4e30-b091-8e4b3f65a30e,0.0
4fe38a19-9cba-4dfb-a2cf-efd47871edb1,0.0
4fe389a4-affb-46f3-afff-db526352e1ed,0.0
4fd44164-7aea-464e-9419-80a0821cdc6f,0.0
4fb7fd72-a645-451c-9054-16c4e4ac8679,0.0
4fb2b240-b918-4076-9871-bfc015b2525c,0.0
508f2ec5-7135-4997-8c05-db6400370d84,0.0
3ba42b47-bd81-41ef-a250-8ca5921b3f8a,0.0
3b9b4b6f-e8b2-4fb1-a496-a4029c3a8c02,0.0
3b90b2e8-b527-4f51-b81b-192c2a19bf0e,0.0
3b88c723-609c-4ff9-be9b-d3c70b80f6d2,0.0
3b687678-9783-4d64-bf1f-9dc3e3270e6e,0.0
3b587752-6a36-4657-bc74-56ef81e4ec4b,0.0
3b56c5d2-3063-4bd8-b6d4-8d87082b32fd,0.0
3b519ae4-a29e-491a-98d9-691c5d4c6e4c,0.0
3b4e8857-026d-471d-a74e-3dc56f4fdb35,0.0
3b47cc6b-cb10-4578-b905-2bd8d903787e,0.0
3b3a87cf-8f3d-4591-8918-aa389547fa37,0.0
3b057646-c5b1-446a-b928-78f51303c8a3,0.0
3af9acae-558c-455c-bd45-23b52af498f0,0.0
3aeb4554-6f26-4a80-b1bd-52982907070d,0.0
50808bd1-4356-4e12-b751-82c24a6b64cf,0.0
51bf7212-f160-4666-a973-304228895528,0.0
51bccd45-452c-4796-9108-d46d1725101b,0.0
51b9f766-913c-48eb-9d6a-07a8a84d7b95,0.0
51a3ccb4-4f19-4a60-ae13-344dad7c1db9,0.0
517d0b05-e228-4c06-b14e-9a9975b52784,0.0
516a6b1d-9870-4eb4-b5a1-d9f91d07f933,0.0
5160b6c3-c124-4f43-b560-700a0945e800,0.0
5121fb00-420f-4184-b8b5-e7a6c63493fd,0.0
511dd27b-8210-435e-a75a-12c469f829ed,0.0
51198090-9779-4078-8ac3-50b6f8430779,0.0
50fe28d4-7176-47e6-9502-89cf77676125,0.0
50fe0fe3-9dd5-4db3-84d8-1fd7013b4e9e,0.0
50e526a0-3a48-4dc7-8a44-0a6b671116ae,0.0
50d97e8d-ec05-4d68-ae6b-c0741b2c23da,0.0
50c872ef-6c4c-440a-9943-53350ee58743,0.0
50b36e7f-7d28-4b4c-a1cf-20ea12e3138f,0.0
52a53527-392f-4fca-a221-ab85466352aa,0.0
52a02390-fb7c-4545-b4cf-f96cc8fc96c3,0.0
52985433-0024-427f-b454-8a3b722b0e73,0.0
526803d3-4ae4-440d-9c35-2719ada7e509,0.0
526669d9-4dd9-44db-a5bb-a8eaa51b329f,0.0
52643309-b9f4-44d9-837d-ee0a872a5897,0.0
525c6ab0-a17b-4541-9557-f96e88d7c7ac,0.0
524b8d2a-9aa4-405d-ba39-4ad5ceeabf20,0.0
5245d16a-0079-4b8c-afac-381209bf8e65,0.0
52400407-f9e5-425d-906f-fedb5dd0e3bd,0.0
52320cbd-1491-47c8-86cc-485651f1896f,0.0
520a55b5-1c21-4924-9c82-a428e68147b4,0.0
52006754-587b-428a-89b9-759cb93f5ffa,0.0
51f2e2cc-10f0-4b3f-8d41-f7366025543c,0.0
51d51948-a7db-497b-b9d1-9749e0aae0b2,0.0
51cd2812-2345-43de-a9b5-4de4cd320a9b,0.0
53c9ac81-c9ec-46ee-b9a3-031f525bd2f2,0.0
53b21f38-2805-4d3e-92c1-ee12663ae4fd,0.0
53aa2ce5-7244-4c66-be4c-cbf319e75c4d,0.0
53a9693e-b6de-4ca8-80d6-8f22b01886be,0.0
5395dff0-e42a-4941-b075-3f5b7fc6c4be,0.0
5382c094-2866-4acd-91e8-cacc51f4b342,0.0
535e85f5-6158-4eef-a090-ee62f69b917f,0.0
5348fd1a-8aa4-4034-b259-2d7b764334ab,0.0
533bd4ee-4726-468c-856f-c17b6f69938b,0.0
53234385-0fd3-4ab8-ae00-361129726dc5,0.0
5307c290-4e3b-4403-a319-d2827ced8d17,0.0
5301d83e-24aa-4bda-9b1e-dbc55ab82329,0.0
52fa2b4d-2f53-4571-bc35-8f45ca8b406e,0.0
52cf5788-c0dc-4c0d-86d1-2a619f4fab14,0.0
54ced571-1118-4263-a908-374a85913123,0.0
54b4c193-77b3-49ef-bd93-be71c95108f5,0.0
54b2d80f-413f-48b3-91be-70439c39d239,0.0
5492cceb-4928-4fca-8134-da81e75279c1,0.0
54897e3c-5bd7-48f9-ad94-9a0cf85b5bbe,0.0
5465ab09-fbbc-4ad8-8e9f-cd2f8a07152c,0.0
54637ddf-f332-4687-a337-4894ad9d6615,0.0
544fd264-2f67-4b50-acd1-b51b13bf81e5,0.0
54486159-803e-46bd-ab3b-89f562c75a95,0.0
544708cf-94f3-4082-93e2-af97fee88519,0.0
5444b74a-3bdc-4445-b94d-61f3c3980bdc,0.0
53fa6552-d4d4-4a22-bbd2-736fbd4f3fb8,0.0
53e9b71c-9248-4527-a18c-64171b33e543,0.0
53d70fdc-ce88-4825-8353-3e3b47951fc7,0.0
53d40a14-f5bb-40b5-b3e1-5cdcd9e2b12c,0.0
3a182405-a2c5-4afd-ab42-f85d174f55d8,0.0
560e45d4-a9fc-430a-9f8b-355ca021d4e2,0.0
55eccfc8-32f2-45cc-96ed-8d85fe538563,0.0
55dcf2ff-be80-471e-bf09-653fca4135a9,0.0
55b9324d-e259-462d-b5c6-73b6830cc41d,0.0
55b78118-8190-45ad-9b5e-e91e5e60aa47,0.0
55b0d8b6-4758-4477-a6b5-271c6238027d,0.0
55a48c20-8d4a-4d26-9e90-2389e99924bd,0.0
5595eb05-0726-4d68-8e14-cc009f1baf60,0.0
55932196-2256-439d-bbf9-a0b1d3198a3f,0.0
555d3174-1445-4ea7-a1d5-077bebc5b27c,0.0
553bd8b0-b475-4a10-9e41-311ef883efee,0.0
550d4ba5-da1d-4a36-a393-5bd8b7f6b70c,0.0
54f7ab2f-a573-4468-a44f-1639fcc36218,0.0
54db1687-f2c3-4ff9-ae4f-b3e92f76e210,0.0
54d25235-52a8-4760-bf31-a3da13079b5e,0.0
562fdb36-fba1-49f4-8faf-10bbc1ee7919,0.0
56287686-9448-4cf3-930c-a433ca0bee38,0.0
561e144c-ba1e-40fe-92bc-fac4fe34dd20,0.0
56172094-969c-445b-9935-b5c3c5476c81,0.0
3ae7fef5-b2ec-4f27-9cbe-c71d9a2287f4,0.0
3ae29c90-ef4a-4372-a932-d0c6913f788c,0.0
3ad99d34-624a-4f42-811c-595c8b7b3c20,0.0
3ac2293e-8314-46f2-a9ec-b31258a4ac2d,0.0
3a809cd1-7c32-46b5-a8bf-0084bf298854,0.0
3a75e9b8-8c10-4fba-84b8-59a62b2c8527,0.0
3a73e149-ddd8-4004-9971-d11df4989a13,0.0
3a6191f7-f5e5-404f-b7b9-7c0083806bcc,0.0
3a606c20-ad91-4a7c-b787-b33e85db2ef2,0.0
3a373811-3ebc-4c8f-ab8b-8eea09c9a8ba,0.0
3a35d1ae-6aea-4cdf-9e41-8b4bcd603dc3,0.0
576255f8-df9d-4b1c-8dcb-b3559ad988af,0.0
573ee336-b416-4209-bfc3-dd483e7efeb0,0.0
5735137e-eee4-4c2f-a809-cf8d54f29f2e,0.0
5720cef4-997b-4f29-b93b-26a0106663bf,0.0
56fed763-84f6-478a-bdde-a7f21e7053fb,0.0
56fe54e4-7f9e-4e34-a063-e4b30f380d13,0.0
56e92200-f812-47be-a52a-499bca80c459,0.0
56da1a95-e40f-4a5c-bd53-bb6bb0715c1e,0.0
56c59b14-8e73-4acb-8572-22c386b9fd00,0.0
56be8517-08f5-4cee-bd56-26c3de2afc30,0.0
56b18d3e-5ad3-471c-9ed8-9dd2272ee2aa,0.0
56ae45b2-caf6-49fd-99aa-4df4b5d34901,0.0
56ade241-d55b-47a9-9023-6a83d9ddf4f1,0.0
56815d99-e37a-41ff-8b77-98bc624516a8,0.0
56686567-75e1-4f52-b33f-3c36158c7802,0.0
5654143b-664b-43aa-b365-ee1e0b1bbb7f,0.0
584b5e16-2ec8-476a-8e20-aa9150397ac4,0.0
5837d14f-543d-4ab3-95db-6cab962d0075,0.0
582a1831-03fc-459f-8ad4-631d9b18cfc6,0.0
5824c3d0-061c-4186-8c2d-6347c913806a,0.0
5810c111-b036-4dea-a478-30d084028ed9,0.0
57fccee3-db5b-445f-bc61-8257c202a040,0.0
57e86ce3-d772-4a83-ba34-1d6b28ae62aa,0.0
57e49508-e0cf-43e6-a9fa-b57d10327fd8,0.0
57cbefa8-9cde-4c86-8046-a7e8e037c4ad,0.0
57ba35e4-e91e-4fb2-bd66-e27717046f23,0.0
57b3ce98-652d-46f5-9788-171c2a338071,0.0
57981f20-f463-43a8-92d8-3cd1e8fafedc,0.0
578b0abe-6a0a-4df1-8ef1-8172b88438a8,0.0
57771d4d-ada1-4bc4-bd7d-0df11778f8f9,0.0
576e14d2-8a50-4cc7-9c5e-978fb5583843,0.0
57652775-7404-40c3-a959-3ae8fc7211bd,0.0
587c878c-daba-4257-9b53-83633ba2664a,0.0
587c0165-28df-4ea0-a784-a06cf7b615e1,0.0
3a167f04-2b34-4484-9b27-1b1bb79fd2ef,0.0
3a10aac8-2092-49e8-99fa-980c308ee5e9,0.0
39fa6d50-ff60-4ca9-9b0e-42adfbe683a3,0.0
39f9d771-7568-4d54-9aa6-eb6e06cb22ac,0.0
39ccaed4-cef0-436d-9474-7f8835733566,0.0
399d0046-2f1e-4f96-a956-f6ca1f149578,0.0
399c51a0-5549-4951-a8d7-c23fcc0df513,0.0
399a1c06-3b21-4e14-8c46-be1faae5be40,0.0
3989b2be-1eea-4c4e-91b8-1d4a61302863,0.0
58764088-e3e9-4209-9518-61b120770cd1,0.0
58602f81-0f6f-4856-8b91-33de82f04063,0.0
5853a579-14a7-482b-83db-ae3ea6fa35be,0.0
597d1903-c812-4144-a762-abd5148e1a5e,0.0
596e70c2-40bf-43a2-a13e-33aa76ed707e,0.0
596cae80-6213-4687-afd1-d635147d7ee7,0.0
595d8140-d02f-42e7-b6f9-97efce873aa3,0.0
595558a6-47b4-48c0-944d-da180b8eb07a,0.0
594635b7-e457-411b-bf8f-6a2f27efbe66,0.0
592b528d-219e-4ee1-88e2-8b90f8fed532,0.0
591da745-d7fd-4a3f-a581-0fe4b6e7604c,0.0
5915feac-8450-4848-a22b-4fca30c46ee9,0.0
58e0ca02-a292-45dc-92a8-97c5d79cad6b,0.0
58ad1987-480a-49d1-ab95-278478eac755,0.0
58a0cb74-f08a-4586-ade1-652b241a1eea,0.0
589c2b56-25de-45fb-80fc-91b964d04169,0.0
588bc63f-9420-4c62-8cf3-19f45d7c68c5,0.0
5885f421-4c37-4e54-a160-2bd402c3ca8b,0.0
5ac560f4-94fe-44cb-8d2f-9b5c5f8a8f5b,0.0
5abf0eac-69c0-4f56-a339-fb5d2c1c48da,0.0
5aae7936-70d9-4eb5-b246-650cd41b9946,0.0
5a86f8ad-6b85-45c3-80bf-13bf9e52dff6,0.0
5a726bfd-54ff-41a2-9cd5-6bfc04779a6d,0.0
5a3b40b8-d737-4e20-baad-54bbca81ed2f,0.0
5a386d06-849b-47cd-b34e-4877b4184a8f,0.0
5a242d5c-80bf-498d-a3e7-e0ddad89e710,0.0
5a211ec3-7ef2-4ac2-8e94-8bb36dfbd2bf,0.0
59e9fa3d-63ea-4ade-89f0-62b8d3418637,0.0
59c59dc5-c6e4-432f-8edc-54292cf59f0e,0.0
59c36580-5b16-47f7-841c-13370a6b5365,0.0
59bc1c2c-55ce-495c-a90b-e54f2b8c2198,0.0
59a726b8-5378-4940-b9fe-90663711dbac,0.0
59945973-4914-4a8c-a07f-be2a5cad3543,0.0
5991dd9d-5057-4212-81a8-fb753d8430b5,0.0
5ae075f4-f610-4ed3-95b5-ae36bd1d1b61,0.0
39608900-cc63-416f-8254-305bd6d0144e,0.0
392d4519-3a35-4fee-bc30-b535a86c0f00,0.0
392c3fbf-6405-43f4-a325-9aded01658a7,0.0
391594ee-4824-419a-a5f8-51e31cf1dfd5,0.0
391318f9-483b-4642-8f9d-5dad93ed2f70,0.0
39022c13-37df-4130-bec7-e250f2751268,0.0
38fdd8ea-3cbd-4239-99b7-e453228c3e90,0.0
38ef9f14-88bd-4650-bb14-a51f274a17f3,0.0
38c8659b-a850-444f-8993-93ebda19590f,0.0
38ab8c5b-5e2a-46c3-8807-1fa0c98039c5,0.0
389c8e57-9e96-4f1c-ad8a-a254dfbdc0a0,0.0
3895ec3a-e2aa-4a9b-ae24-bf6d58a1201d,0.0
388680dd-4d03-4784-9bf8-1b488c499128,0.0
5accc69f-d1ac-46b8-88e1-45811b21d78a,0.0
5beb31fa-795e-40ce-aaeb-152cd037317e,0.0
5bdaaa12-812a-4682-a593-0d5162fb90a6,0.0
5bd62d9e-a932-425e-b831-43e7ace40494,0.0
5bd45a83-aae7-49e3-a5a6-92ba92ba4c18,0.0
5bbcc3b5-160c-40e6-addf-0979254f00ed,0.0
5baeb825-1985-429a-8106-32b619b86a59,0.0
5b9047b5-2a5c-4735-b225-321a4cb7458d,0.0
5b8d2a22-2a08-4707-8828-51a43a560e79,0.0
5b839eb1-e47e-4d31-888f-d95ed43f9eb6,0.0
5b76dd86-2ec0-4ffe-b28a-e54f5ea6374a,0.0
5b499fe7-1ab1-4f79-8111-0ae985d28318,0.0
5b2acb17-e249-4f51-804d-7b7e48c669f2,0.0
5b160948-9070-4583-bbb3-054731d6398a,0.0
5b006f6c-86f0-482a-9bcb-b0760f2ed6f6,0.0
5ae9c2f7-c238-43fc-82a9-4e5ca1fbadce,0.0
5ce1f2a2-2693-4355-8b81-da4365e3b428,0.0
5cd92559-e117-4262-9722-fd956c8754c6,0.0
5cce5039-4b3a-410d-a0b8-c5f98a9736ed,0.0
5cc9fd6e-8279-4b8c-9eb4-6f05d91f65f5,0.0
5ca7da14-f0e7-4b23-b22d-f142fbe8a007,0.0
5c750f3b-7df3-4235-9860-f9dbc83bd1b4,0.0
5c6c52fa-6297-42a4-bd00-de8bd90db6c9,0.0
5c5f611a-0e83-44af-9f44-d3d39ff67411,0.0
5c5b29d5-ade9-4e1b-bd85-05a52d88a60d,0.0
5c2222dd-b22b-4422-9b44-9a3471e430b3,0.0
5c1fd0f2-7102-45ef-911b-289e26f68ed2,0.0
5c1d403a-82e2-461c-9183-3cae70c763a1,0.0
5c16ae1a-dd7b-4c82-b6e8-352eb9e2df2d,0.0
5c137eac-1353-446b-8dad-57ec331fdf80,0.0
5c127853-e200-4055-add5-4efb42cc189a,0.0
5c00df8e-6a30-4ab4-8ce8-cc6049f6cefc,0.0
5ceededd-206f-49ba-90aa-c6b8173c520e,0.0
387b5d58-5de6-45b4-8e3a-266f9042d269,0.0
386fc1da-c7ca-4551-8d68-29e63394fd34,0.0
385f0d13-0199-4d61-81b2-3aa3087fe118,0.0
384c507c-b2ac-4fcd-9481-9a3e8184a871,0.0
3848c55b-8ae8-48b4-9f4f-43c7d6943be1,0.0
383fc42e-8caa-404d-a738-f2b2eb2967ad,0.0
383f035d-03bb-4581-aeea-89bf7109121d,0.0
3821220f-7c18-4415-98f1-309a8244a1cd,0.0
38099ee1-79b3-4018-909b-195367c41147,0.0
37fe27d1-5e4c-451c-a5ae-892dad7f7b49,0.0
37f7b079-70fd-4a76-a5fe-75a19e001c2f,0.0
37f40e09-66db-40d8-b458-b6e918d00594,0.0
37e057c1-3f74-404a-830d-b994d0f1b221,0.0
37d06d4a-bcb1-4646-8649-470d17d3a03e,0.0
5ce9e546-0e36-4fcf-8f39-e834874b9373,0.0
5e0a613d-a9df-422b-8f79-2e04540c55ff,0.0
5dd78a78-073b-4788-8fa6-3cd61d41d47c,0.0
5dcdc47e-e4ce-46d6-a131-8c0d4f5e325b,0.0
5dc8299c-ceb1-4746-a270-31b88635be87,0.0
5dc73858-bf00-4693-9f01-17967e67eac9,0.0
5db7bc5f-1ca3-4de3-bb5c-0f1797ed75b0,0.0
5da28270-4ebb-49cd-82a9-e22ad36c396e,0.0
5d8b79e8-28ad-426d-817e-3b4369fb0fc7,0.0
5d6cef4a-509d-41a3-a707-99e0df6fd3c4,0.0
5d5419cd-f555-40ad-afae-5a4492a95532,0.0
5d41cef7-c1f7-4af7-816f-5e860d304130,0.0
5d3e5774-4703-4ee5-a874-0572058173b1,0.0
5d388f32-8a18-4bbc-a129-5974f5c38ba2,0.0
5d34d98f-3aa3-4a37-8a58-50551596e676,0.0
5d0a321c-d231-4a59-a2ed-8adabfa2a53a,0.0
5f60f6c6-dce0-448f-a531-a6105df5ac31,0.0
5f4e01ab-6f33-4166-bc2c-aa1c66ab6dea,0.0
5f248935-b8a9-445e-97e8-f8df31a21d14,0.0
5ef53861-e866-4899-8793-e2a42d63b679,0.0
5ef3ff9e-47b7-4245-9ab3-8cf4c2e1aa37,0.0
5eeaf3c7-e883-4722-9ead-814a7e2cefac,0.0
5ed85b33-d4cd-4911-a239-d319d1711a4c,0.0
5ec3d3c2-924e-4bbd-b36e-488a4e9e57fc,0.0
5ebb35cc-7957-4c66-a28c-24d485fca041,0.0
5eba8003-232c-427d-af95-896c8a0af160,0.0
5eb1354d-4cc9-4b8b-90b0-fd5253013285,0.0
5ea148e1-e57f-41c0-866b-6c9aa5ed1648,0.0
5e95ab44-e2f7-436f-aecf-cf74064fb2c7,0.0
5e61ab69-efd8-467d-8528-c0ce7eb81fd5,0.0
5e3e5887-8383-44e1-a48e-ad546adb230b,0.0
5e12cc54-aad2-40f2-b383-e4c350de3cb9,0.0
37b3ea6a-3606-4102-853b-20a69e520fba,0.0
37b29637-445a-4da9-b562-1ccbb8063c3a,0.0
3766a88c-daa4-4ac7-9b4b-7abddb580d81,0.0
3758029d-f72c-4241-b115-8546dac4e136,0.0
373111c1-5fd0-4274-bb55-4fd3f1c7a0e2,0.0
372d2754-3273-42c0-9171-7cce98858e31,0.0
370d6472-2d92-4d10-bd87-f211b7f71a08,0.0
37078616-1d80-447a-8bea-507bb46d969a,0.0
36f9d4ba-b72c-40a7-ad2f-197a70a29c65,0.0
36f4c63a-3b7e-4800-b23d-8e289d0e6036,0.0
36df186a-c70e-4e2b-a7c6-c54d4f8f5b0a,0.0
36ddcd42-ded6-421e-9b9f-93f0bee07bb7,0.0
5fa1e380-2b57-4a0f-8b83-b0890762d76e,0.0
5f9660e1-df82-4372-a13d-f8f58de81499,0.0
5f70b391-e733-4f69-9041-dd1611d7a870,0.0
6137ec6d-3076-405c-bab2-d7c27106c3aa,0.0
612d07d7-cca9-4d3d-856f-150175115d25,0.0
6119e483-1b74-43cf-a2ea-4f71e30d0cc9,0.0
60fe4b9b-71f6-45de-9496-e9fd838c690d,0.0
60eef15b-910d-4aac-8344-198223ecad4c,0.0
60ee67d6-6fe8-46c3-add4-ec6049ef50e2,0.0
60c5ff85-418e-44af-b187-f3b707cda3ea,0.0
605df67b-3482-4807-acd3-dd05c85956b8,0.0
605debd7-f839-47e7-b957-aea0ff652cd7,0.0
605d2281-e9ec-4f10-80dc-ac2dc41433ce,0.0
604dc3ac-8c08-4743-bd02-81b9065595ba,0.0
60378333-0d3a-4c7e-b78e-e0bf6d8551de,0.0
60124608-1a0a-471e-9ad5-8c3da9438c39,0.0
5fc8770d-3b28-425f-87a3-d19f4dd296fa,0.0
37ca827f-4b4f-4ead-bbc4-7dcfb5b40d0b,0.0
36daf3a8-0150-48ec-a1b6-82fbe7984ff1,0.0
36d85707-52f2-41c2-accf-9c44223e8073,0.0
36c6cd96-2acf-4351-b898-41ada1e3c681,0.0
36c223f3-80e4-4290-adf7-5d726d96e123,0.0
369362ca-819e-4281-bf25-1b5bb7f58627,0.0
3693299f-4b4c-495e-bf13-f15d4f13495a,0.0
367b3528-fed0-4b42-8e19-810d1d994b95,0.0
366dbf97-cf9c-4f3f-9835-a1cdb8c2d037,0.0
366db524-7d57-422e-98d6-f3eba34a250b,0.0
3662260c-5995-472e-9f3b-c95ac2261b96,0.0
6162350b-16a2-4cb7-a5f5-ec675578f992,0.0
616140b4-e2bb-4187-b1b1-704bf7a42085,0.0
615e8507-ea6f-4e2d-8d22-a0aedd586dcf,0.0
6147397c-7f9b-4ae4-aa3b-39c77ae97340,0.0
633a5f4b-bcc0-4ee5-94b7-0850b5519b67,0.0
6338e391-6a50-42b6-8ef6-92da162c7e5e,0.0
6320b608-6dd2-404e-a4e8-749a966ed07c,0.0
6303653c-b686-432f-a689-c3232e26f856,0.0
62de4af8-7634-4306-81eb-9af6abe6b472,0.0
628dae52-daf2-427a-b01d-b59f38a37b05,0.0
627035ab-8e53-4522-9a70-e844bbcfa18b,0.0
626f1131-f49b-4dd4-be51-f3b2656009c5,0.0
626014bb-1e2f-48c9-88f6-de6695f6650e,0.0
6225281e-abe9-4b3f-80c4-ebc970a09bc3,0.0
62217d27-b2fb-4e85-86a2-47237458835e,0.0
61efe644-bec6-4e6a-b195-b1cfb21b053e,0.0
61d6ff45-65cd-4473-b331-37ddb3337d8c,0.0
61bdbc55-a312-4b40-8747-31a8e81164ac,0.0
616be253-b285-46a0-a25a-e790ac00bcad,0.0
6399402c-f625-442b-b5dc-759e7293140f,0.0
3628c2ac-328f-48fe-8715-6b63e533a016,0.0
36283261-5fb9-4ab6-9a7d-7cc4c536dfd5,0.0
3621baba-b02d-48f6-b068-6171a2ae58da,0.0
361432c8-be20-41d8-b9fc-63d2e9957fb7,0.0
360bd18a-f556-4260-ae72-107521f44081,0.0
35f6988f-8df8-4507-b17e-914b5408df54,0.0
35e0be06-9193-481e-b81a-dac96cbfd28f,0.0
35cadde0-07be-4711-9d3b-bad57764e6ad,0.0
35ca1507-045c-4857-8f3b-35ae876d75ac,0.0
639350bf-0612-4367-85e3-49ada63c2efe,0.0
63795f7a-bc66-4fa9-9cc8-780e458ac608,0.0
63776266-4857-42d5-9302-08c50876a278,0.0
63720b05-33db-4056-bc09-e728a57804b8,0.0
6553f0be-6c59-4164-9e4b-cecab55825d4,0.0
6550ec49-b9cd-4c23-854e-fa74c0be7ec8,0.0
654d835e-2f13-48e0-9137-aa46b1376e15,0.0
654ba59b-ac7e-4109-b85b-8c933a11e682,0.0
6546a335-1e49-418c-a457-696bfdaf3de4,0.0
6546170c-ea68-4800-a4c5-d3003c9cb155,0.0
652b99ee-1ffe-480f-8db8-c7dc972f36b1,0.0
651fab89-5251-431e-a16f-764a5a1d3539,0.0
650c4857-9b3c-4895-a92c-cd91c4f8b99f,0.0
644865b3-1f23-4ee7-bf79-466d93fa6d96,0.0
63fe87f2-0a30-4712-81a5-b6783e15a0ab,0.0
63fa5b19-d31f-4826-bbd4-2a3ea4de1ab3,0.0
63f70845-56a1-4e5c-b94e-14fbeea74604,0.0
63ce8fc5-ed95-47a3-9984-5da00e48dcf5,0.0
63c8e1b7-6290-4324-bd17-53d83c1ee4cd,0.0
6662f576-6a92-47a7-9a2b-f6aa953752e7,0.0
665f8372-b30a-420d-8514-cb0a4744024b,0.0
6647fa89-8b10-4f99-a46e-9289abe42bac,0.0
661861a7-8baf-43ec-acaf-c6c636bbd59a,0.0
66176270-5461-4454-99af-c3e025c9cac6,0.0
6613737f-b30f-4152-a8e9-5e7d0854ef3a,0.0
66101560-6fd4-44a6-9ecb-5a02dd1be05d,0.0
660e6b85-0b7b-4e12-b27b-76d6df52dbf9,0.0
65fd598c-272e-4e50-88fd-e05e994aed68,0.0
65e819de-34e9-44c1-8f59-cc620c660095,0.0
65e522f5-7d8b-4a20-b484-dd6da1b91fb8,0.0
65ac78b8-37aa-472e-a8b2-fea05f7c8aca,0.0
659f1d9b-5b26-44e2-a0cd-0d389a6ae4ee,0.0
65948b48-2c0d-4d97-a888-df8235607a5b,0.0
657b09a0-de4d-4af5-b806-4498e7eefdb9,0.0
656f4578-dcd1-4453-9584-7d8a3df49c3b,0.0
66c101e5-189d-4c63-baa3-9355aa67db7a,0.0
35a1a279-d29c-40fe-81a2-5692cacec121,0.0
3575d424-0e47-4189-a5b0-07d641c8d0a2,0.0
35641c0c-9dfd-41de-948c-1195b39b3442,0.0
3545bbfc-1b72-4aa1-8ce9-0145973244d9,0.0
3515e76c-726e-4623-809a-a104645e8b43,0.0
3510c46d-fab1-4e01-8a9b-6d0f57fbb9f7,0.0
3507b6d6-9eea-4456-b512-d64d01821285,0.0
3505366b-df6b-44a0-916b-aed45084f0a7,0.0
350194c7-c911-43c9-9efc-ac68b67f2efc,0.0
34f0dcda-d671-40c1-979b-cd5e386fe0ca,0.0
34edb141-9d5a-475c-920c-306a7a3ece2f,0.0
34e825e6-f2d1-4a1b-b82f-895a976ca5a2,0.0
66817c70-a5b5-4d89-ab8a-9c27f2503de1,0.0
666fe6f2-9384-42cf-8c51-23622946540c,0.0
679ca03d-a5d1-4803-9aeb-459b66ad817b,0.0
679bccdd-9e15-4217-9f42-23ce33e72d1b,0.0
679aa0f5-94d8-45f8-9509-1d7588321cc7,0.0
679960c3-8793-4fb5-ac66-159c4a2d7004,0.0
679401b8-158b-4434-b958-f6e8634fcbdb,0.0
6786a84f-8681-4a68-9c51-464392a21140,0.0
677399f7-af77-46e9-b5af-c1b3816c8a2d,0.0
6771cf1f-1d30-4fb8-97bd-9b298a30e596,0.0
6769a2c6-85ab-43c2-bd66-3d339bcecc97,0.0
6758fb63-5144-46aa-b71c-6b0d41d4cd3b,0.0
674ddb30-94ab-4f3e-9449-a1c13892c8cd,0.0
674daab7-c40d-48b8-a77f-923007320736,0.0
672aeef5-1bdb-4b17-989a-330bd6b7c268,0.0
670a26aa-7730-45be-b9a6-6bc2e03e4ccb,0.0
66fe7726-d9fa-4816-bb48-1bf9d57bd69d,0.0
66c8449a-3a61-4334-9217-5694974ebb4d,0.0
689374fa-6e18-4b20-a016-6c864466db79,0.0
6867b749-7339-4158-857f-0278d961fe48,0.0
6863e1f1-8670-4ebf-a270-49f4a1c7fbda,0.0
6863cfdc-75d4-4e38-ae8b-f7b30010ec64,0.0
68421896-da85-4653-abfb-c34733bd2cec,0.0
683c981d-4ca1-4a2b-a808-f4091af8b203,0.0
6811eb7f-a9b0-4fcd-aafb-87826cb7b43c,0.0
6800c334-c9d7-498a-94ae-950e230e4a12,0.0
68002906-93c4-4b16-bce6-23f1d507f6ce,0.0
67fc427c-2cdd-486b-9df2-57d1eb8331cb,0.0
67cdb655-71a0-42c9-80b3-078e2c6a0f4f,0.0
67c5611d-7622-413d-a7b3-79bec2c303d4,0.0
67c3b52a-3350-451d-b919-1e3712574220,0.0
67bb173d-a508-4ee8-8d7b-7aeeed464263,0.0
67babdc8-e611-472f-bab4-41c0ae373e4c,0.0
67a72e9a-6369-4770-9e62-ff992d14b806,0.0
34c7b684-26b2-485c-bfa2-a553a85605fa,0.0
34c3ded9-d0df-44f4-9e84-51058a5c904b,0.0
34b7069a-a414-4eb9-8189-6657304c555a,0.0
34af75a3-010b-4eed-b69c-8e5cb60f52a1,0.0
34a20208-bffe-4184-a952-d4a522d8d5c6,0.0
34991ccf-75f8-4666-8c2a-ced4649553a4,0.0
348fb89f-29a5-445e-bdc5-87ba8037fdb5,0.0
348f43ef-8225-44af-8ae1-4c93ee106fa1,0.0
34877773-5c81-42e7-a7c2-8fc2d3b3403c,0.0
3479b774-f458-4b18-816c-56644e5a73d7,0.0
68ef46db-649e-4bbc-8c93-787561943146,0.0
68e4f314-f3be-4c62-8479-8614ebf1fd04,0.0
68defb95-c2cd-4ea6-8751-d4651e380004,0.0
68c4b289-2f94-4670-b643-6032e6cab9c9,0.0
68a49a15-7582-44e4-b5c7-6a4925fe33fd,0.0
689888f7-06b2-4154-a164-5efa7ca26843,0.0
6a6a7350-d653-4bdf-bff3-c01aabb75296,0.0
6a17a2b9-87bc-4681-bdad-3e501b70f2b0,0.0
6a002e79-e154-41a6-8cce-2460fcd3e49e,0.0
69fac746-49ab-4d42-bd23-c2c172b1ffc2,0.0
69f554f2-e3de-47b5-a371-efd4525fd87a,0.0
69e231b9-a22f-485e-8910-d704bc837eac,0.0
69d14ca3-c150-4f5d-b237-e767e10bfd21,0.0
69ae80bb-8c66-41d3-8d47-32b47e945c76,0.0
69a88340-2135-49a6-b4fb-bddef472f87d,0.0
6990f72a-60b1-48e7-a63c-c64ec1108353,0.0
69808f6f-d4e8-4787-9fec-e433b6a4ecdf,0.0
6933424f-4f70-4d5c-a47d-7c75d7bf57a7,0.0
69203373-336b-4739-a10e-9e4d644a8118,0.0
690395bc-c7a2-4ab6-838c-8874e60db50f,0.0
34cd606b-7675-4b8b-81ac-66fb21223ecd,0.0
6c0af46e-581a-43f1-a691-4a21bf746dfe,0.0
6c01b7fd-c4ab-4af6-9af8-1e37d170df77,0.0
6bf7823b-bed4-443c-8f88-049892cfc6ed,0.0
6bf2169b-9df8-4be7-943e-0339d81c749a,0.0
6bf1c5fd-0198-4dff-b11c-fc4f23ce399e,0.0
6be639b3-3afe-469c-8394-ab01ff61d4c9,0.0
6b9385e3-ddc7-47fc-9000-1ba8df9c3bfb,0.0
6b62a4fc-1e2e-4584-944d-5fad40403738,0.0
6b54ff0c-7d9c-44e4-b5cc-6d3e576adf5f,0.0
6b01dad1-5421-43c6-b83b-b8594eafc532,0.0
6af4c735-acef-4938-a028-9894f016e952,0.0
6ae20715-6f92-4d67-bb76-e881b8c8e2be,0.0
6abb816a-a85b-4c75-b4cc-1e276f2127a7,0.0
6aa999b5-67d9-4b0b-abba-ba5fabea1d2f,0.0
6a77f909-777b-4b64-91dc-1d36c6de639c,0.0
6cb4c83b-835e-42ca-9f66-9799c69b447b,0.0
6c8c426e-f1b4-4559-8a91-36e1e394e03d,0.0
6c6692cc-c88a-4e8e-8e0a-e5de7beb527a,0.0
346a6bc5-30da-40e9-8475-a3980bbdb9bd,0.0
346387e9-5e97-47a5-af7d-e401afe71f03,0.0
345fd28b-fec5-4396-a0e9-6ef5db01ffec,0.0
345b2566-29f8-4f09-9bca-bd518dacd407,0.0
344f2814-9106-4408-a139-f691fe531347,0.0
3449ff4e-4567-44a3-ab09-ba57c011094a,0.0
3440e7c9-529c-4fd6-b435-f33306f7d47d,0.0
3392f860-777c-4cd0-ba20-d73d7b7d01bc,0.0
33856168-777a-4d60-8747-31c247aa98a6,0.0
338021f9-be58-4718-9db1-57b329a31d88,0.0
6c5117df-6549-4551-83e9-9ae898432265,0.0
6c3bcbc6-4d47-4dc8-9219-2e5b9326a06a,0.0
6c10a761-4bc4-4bd8-9743-247d9d6701c6,0.0
336ca163-febf-417d-a0cd-ad16e0bcbe9c,0.0
336bef4a-6b4d-41cc-979d-40ce30fb06fc,0.0
3368936d-8064-481e-9f93-30f8e1504a18,0.0
33448ce4-518f-4142-81bd-239f68691f33,0.0
3314ac6c-4ede-46db-9f4c-5c8d9c9cf75a,0.0
32d18d81-683f-4749-a7f6-f1147b116047,0.0
6cfcbfa2-6fe7-4ffb-8cbe-6a860296de1a,0.0
6cf39d04-3527-409a-9afd-b27fa00a00d4,0.0
6cf2d0ce-3373-4e03-886e-9a2d5d0a515e,0.0
6cf13b6c-3724-44c9-9678-ceba44236653,0.0
6cd59f69-98f5-413d-bbdb-47563750dd65,0.0
6cce4b31-1f03-4b54-a2a3-ddf7404dd157,0.0
6cc77b86-d17e-465c-9965-014d12c836bc,0.0
6cc5529c-b391-4aa4-84b1-3244e902b254,0.0
6cbd4820-a1ed-4311-9755-d7e28bfc179d,0.0
6e5fa903-75af-4c2f-8270-8404d7feaec5,0.0
6e2f1768-e125-4e67-be22-7809042c4dd3,0.0
6e2bd134-515d-4aa1-b1b0-23cd5c71ed39,0.0
6e1b4781-7989-425a-b376-0c1b236d91da,0.0
6e1aa37e-2b85-47fb-a94f-dd5216b0d915,0.0
6db2d5b7-8046-42b5-abff-38f5bb27349c,0.0
6db0e7aa-7c61-4708-a037-596173b61de5,0.0
6d860f29-3f75-4b32-8a7c-4592cc0233f9,0.0
6d7f40b2-1d6a-4a17-a5d2-d6aabfbc9c97,0.0
6d77436e-46b3-4e8b-81b5-46f8ae4e76fa,0.0
6d6a7aae-e645-4c6c-a6bd-81a2fb9be276,0.0
6d174eee-337e-4a18-8fd5-678a15dc06aa,0.0
3379900e-321d-43cf-b83f-1278de318015,0.0
33756ab8-9a9f-4e9f-befe-493f7899b47a,0.0
6f2a75ec-4283-4076-a034-398f61dd6b4a,0.0
6f26abd3-de1a-4e53-9728-253afdefbf42,0.0
6f1067d1-73c4-46ac-a715-841455dfe444,0.0
6f103537-726d-462b-9c4e-53e9d7880882,0.0
6efb5321-d7b0-40fa-b1bb-89bc99f2d252,0.0
6eee7523-087e-4e26-b34e-04d39a3af46f,0.0
6ee6698a-aa8f-4eee-9246-6d32cda8f213,0.0
6ed8c115-4dac-4a62-8f35-b5cfcad3dbe7,0.0
6ed3e178-a02f-4a78-9ff8-3b4b92bae94e,0.0
6ecf3b3b-52d7-42d6-bd8f-a601c24fb2c8,0.0
6ec139a0-37a6-4dab-b5e0-b17a72433ebd,0.0
6ea5351e-4352-45bf-8dd8-4b526bb92fd5,0.0
6e9fdec8-58d9-438c-bb48-c908da4092c5,0.0
6e89e334-e49c-43c5-ace9-d8e22c247e28,0.0
6e76ed63-06e3-4137-823d-153d35fecf8c,0.0
6e721d99-cfd4-46d9-afd3-49dff4c0ca61,0.0
6fcd1ba5-772e-4ba2-871d-e20f714638d6,0.0
6fb5f291-bade-40e1-9222-ddfae31fab03,0.0
3266a7eb-4fdf-4af1-ad49-1e091f812ca3,0.0
32521387-560e-46de-bf3f-5259c9ca233e,0.0
32489c25-3b1b-4b0c-ae5c-943f312f22c8,0.0
32011324-5d01-4b1c-9e3a-7db744b26824,0.0
31e95010-f256-495d-828c-a74dce50c218,0.0
31afbfe8-62f0-4fa7-9746-1fc2aea80899,0.0
318c1be2-560f-487c-968d-f4b6dd512400,0.0
317edf75-3f26-4525-bc7b-3799055de710,0.0
317b17d2-a188-45bc-82e2-caa8b97bdaf0,0.0
6f9284f0-925d-474d-95f7-9231f4478888,0.0
6f8ec75d-3616-45fa-a6d9-9c40cb906ae3,0.0
6f7d4ff4-564f-4818-b075-2ee7e2550354,0.0
6f391593-63fc-4e8e-8009-81cd9ba677ae,0.0
70f47c05-f27e-4874-8c8d-98293dd74234,0.0
70d38658-bae5-474e-8221-8e38b66abde7,0.0
70cf09cd-3506-47e9-a61a-396f2142daa0,0.0
70c265f4-712f-40f8-98a0-b8410b206c19,0.0
70be2efb-b6a1-4ab7-8968-7c4b5ea18065,0.0
70b65b2f-1dca-4ed0-951d-d0617240e3f4,0.0
708db628-21cb-4224-9bcc-e7ada41da05f,0.0
708d0f33-271a-45d4-a1d8-9c8571a74f55,0.0
706c1dee-82bf-45fe-848f-ff6ba2a35d5d,0.0
7014bec8-deb0-4eee-9e20-04799cadbea4,0.0
6ff22d5b-3f52-4199-84ac-89a2552beec8,0.0
6fe19d42-e4fb-4ee9-85b7-c59ccc35b97c,0.0
6fd6e9ba-cd0e-4666-979f-939b004f1ddd,0.0
6fd3b24b-c0cb-4e59-958e-07ddbf513551,0.0
6fcf7afa-b796-4ea0-b660-f463353fc942,0.0
71409551-9a31-4659-95c2-33c33e085d0e,0.0
71301447-55ae-4714-8756-8aa2ff1b69ad,0.0
317330bb-b94f-435b-a0a8-4ada2af69e94,0.0
314e2416-9cbc-47b1-916d-7e4575564116,0.0
312168f0-56a7-461b-8797-573ec3014f22,0.0
311b0268-e415-476d-b342-19019bdd1e91,0.0
3113b442-0df8-41d4-b3a1-47a7c0256872,0.0
311335d9-29a4-47c0-b0e8-fe6e4ced0f44,0.0
310fb8f5-1621-489e-8617-0ca548fd548c,0.0
30fcc038-b1ee-41fa-9e3e-9990285f9b13,0.0
30cfa42e-9334-4f74-b2df-56cfd11ca7ee,0.0
30bb8684-ae48-4ce0-874a-f191c0a86bc5,0.0
710ddc2e-e019-4aab-bda2-a84d11f83e9f,0.0
71095e20-fc1d-4ba9-97bb-4da06c04d8cf,0.0
72059fe2-92ee-47b5-9e02-aaf0acb5656d,0.0
71feb7af-3d9e-4442-bf8d-35cee85ad521,0.0
71f5b681-40b9-4f51-af14-22aac3b808db,0.0
71f4ddd7-1779-4668-bbe9-aaa069a1c5da,0.0
71e7e7bc-170f-4b3f-87f3-30b17638b6d0,0.0
71bf8b7f-90a1-4158-94ba-6557100a920a,0.0
71b835fb-0c92-45d0-98a2-fad921bbf80c,0.0
71b25914-b183-414a-b85c-3e912aac8c0f,0.0
719442af-79e7-47e4-97d5-59fef94a34f9,0.0
71878e94-b6ea-43f5-99f8-978499840627,0.0
717ddb6c-a3cd-4a70-b808-4dc65196b1cd,0.0
717a4baf-4e4c-46ad-8f65-c8d496a1fb17,0.0
717516d4-0df4-4bb2-a3ff-001370af35d7,0.0
7170f023-c33d-425a-a5a6-7f689877a6a8,0.0
716f0bce-d726-4880-b5ec-62114f77f0ce,0.0
7340c6b2-9c01-4bb7-b4a8-5e7873b4cac7,0.0
73336b9a-05bb-454f-9328-8171770bc43f,0.0
731add26-fd99-47cd-843b-bab367c1055f,0.0
72f324d4-dce2-4ca0-b171-d973b755075c,0.0
72e20df1-2457-4963-ae9f-e9645180583d,0.0
72cae0e4-fcb3-4986-ac87-61bcc7f5f3c0,0.0
7282da56-b800-48f1-a17e-5544ce9a5f37,0.0
727c1255-3c5d-486e-9b43-821deab98f37,0.0
727870d3-5ab5-44a9-93a4-cb4d6629dd62,0.0
724051be-c97c-4cdc-addf-d4e40dcc672c,0.0
7239d065-2160-4bf2-840a-3eb72f4391bc,0.0
72300286-3e0b-45a5-a37d-753258c479eb,0.0
72130134-416e-44e2-be4b-371e5c729ba9,0.0
72111f6c-0447-4bb0-afc9-a7a6feb76d67,0.0
72093ed9-dd5c-4245-80e8-a7aa7f9bf0df,0.0
7205fb1d-1bee-4d54-8ef6-b7467bd83e0e,0.0
73bddcdb-674c-4734-bd69-b60460cc3acc,0.0
738af55f-9c29-43c8-b396-b5d3bcc8e593,0.0
73854e59-c5ba-485e-ac38-9eede65f6357,0.0
735650b7-e51b-421e-bce4-4fea9b3811e4,0.0
309614b0-36be-4e9b-8e59-b1a15de2ce4a,0.0
30843a8c-a774-4f7c-a15e-d2915ac2bb5d,0.0
3068c93f-4882-4ef2-972c-88fdb27c6ee6,0.0
304f4138-a100-4846-9ab9-e66aee41e719,0.0
3048647d-8caf-401a-bab3-053aea16a9be,0.0
3046a8cc-d4f5-414c-b49e-cb9b6b4fa3f0,0.0
2ff57880-6ae2-4eb5-9a1b-b34daf313b26,0.0
2feb5655-91be-4aab-bf7d-cb429151e961,0.0
2fb70001-d974-43a1-a6de-46cab16901ae,0.0
734baedd-64f9-4d44-8345-13b997ba7136,0.0
73452e10-ae85-4ce4-a466-1e1cc888352b,0.0
74c2ec45-bee5-4f2a-a7a7-4cdc5b5ea6fa,0.0
748a3486-9fdf-443b-8a9d-4901ddfff83f,0.0
747cf155-dfab-44c0-a877-43cb72546974,0.0
74735e74-b854-4548-a617-ca7692dccd8b,0.0
746a7754-6cee-4aa3-979c-7dadfd03d05b,0.0
746445fb-8798-4a52-a809-c45929b8d83f,0.0
7462b730-02af-4031-b29d-73f25d1ae9d6,0.0
7458eb21-9544-41ab-a7c6-6b4c5272ca98,0.0
7423dff6-f2da-4f56-ba90-838c3714fe14,0.0
741b1098-3b92-4377-97e9-0035573f1ce2,0.0
73ea6669-e0ca-495c-b80e-8049e86298ae,0.0
73e735c0-5917-40c3-9809-a20f3fe9945f,0.0
73d5485e-2960-4abf-9e4d-1663c9cb4370,0.0
73cdbc02-757f-4d31-852d-544de5fce67c,0.0
73c41c85-54b7-46ee-b66d-ca9189d93800,0.0
757eea84-dd6e-44cf-b9a1-caa8c6c99f80,0.0
2f5ab152-68b4-4467-a063-b6b0111d3b3f,0.0
2f4c8712-d452-4d17-8f21-90fb3921dfa8,0.0
2f3b7726-a807-433c-a3d0-1498bf390eb2,0.0
2f38514c-dd69-4722-b747-2b168b237155,0.0
2f2c5dbd-d73e-4bae-bbd0-354b0e7f98b1,0.0
2ef6c27a-f2df-4b3f-88b2-ffe82827fb21,0.0
2eda4f1f-79ef-4acd-a6db-c341c0f31f09,0.0
75507917-14e8-46ab-a413-e6c9067aa29e,0.0
754dc844-3c4c-4312-ba6b-214161950d1e,0.0
753ca216-9c3a-4e68-8201-6e75dbdb8579,0.0
7539db22-e7cc-4e4d-8b79-d759204a0d2d,0.0
75152381-4098-4c06-8340-881f2bca4a46,0.0
74cc6eff-1eae-4bc4-9af2-8a8a7a5b5b08,0.0
7663db34-1d68-4d8d-8491-e1edea0a67dd,0.0
7662827f-df4d-4cda-9271-c23391b85e9a,0.0
765d5c70-99f0-4f4a-8f85-687da50a9f01,0.0
7659a9ea-59e2-4a53-a7ca-276b6038a763,0.0
763fb870-6f67-4c5f-9ad6-2b47615899d4,0.0
762843b2-f338-49c0-8fb6-d281a5a6182a,0.0
7622c0bf-be6e-42ff-a504-e0ecfc401bf5,0.0
76083c8c-8bb0-43c6-bf64-89d99217f817,0.0
75fc0b7c-d7c2-467e-9025-a7f2b267e8ba,0.0
75d6e929-6f6a-45b0-9f2d-066e5a4287dd,0.0
75d17b47-f713-4388-9fdd-7fbf2b5590ec,0.0
75bd0476-ae4f-4768-b0d2-59c42189f8db,0.0
75b115f4-e83a-45fa-bc94-8897d0fb88ff,0.0
75a5bb65-e031-41fd-8621-c5e37f20410d,0.0
759fc311-abdb-4d40-b03b-d17797a330f1,0.0
7768245f-1890-4bc8-a263-c3d9619d7ce8,0.0
77653564-6b4e-4557-a750-0460a9c203e5,0.0
776370df-a060-42c4-a7b9-98ac6d290f46,0.0
776109e2-3a37-400f-9ccd-e0d38abc96fa,0.0
775e8794-bc1a-4f7e-99c7-f5cfcd17794e,0.0
7747c161-e159-4a6d-bab2-ba36f4f27900,0.0
7734f9b3-5ade-4d47-847a-dcd3bc23a21a,0.0
77342316-82bf-42a5-bc0f-138ca76ddb05,0.0
77264752-5b43-4038-a8f8-68d01407f580,0.0
76c7c7ec-18af-4d4d-b6ac-25da6349bc62,0.0
76c1cbe0-0bf2-4b56-aad9-ad1373499f93,0.0
76b93a31-dd79-4535-850f-bf2be90a537e,0.0
76a31ce3-aeac-4db5-a8cd-e00c196d0ca7,0.0
768748c3-778c-435e-b5b3-509266885f7c,0.0
768526d9-53ba-42bb-890b-cadba1135a2b,0.0
7681aa9f-fd90-4a11-9b50-b71f38262ef2,0.0
78356e03-2d8a-4024-b873-813ded84a436,0.0
782bb0da-53ec-4ab9-96af-f8af8dba1cd6,0.0
780c6d2c-6b04-4e4f-9f24-e4bfb95d70a6,0.0
780136f2-794a-462d-ba96-2664c5f11a27,0.0
77eddfcd-3132-4b1a-b5c0-19d0bb007c3d,0.0
77e3bd5b-a35a-4c21-9c81-aa091929f4ec,0.0
77e329a9-563e-4eb3-96cd-31d01f66d1b8,0.0
77d90a4a-2206-414a-b669-af1bd9281933,0.0
77cd28d2-1ed2-4c7d-adee-377ea094b7fe,0.0
77cbafac-1b9c-427f-ae02-bf1bff111305,0.0
77b37d84-80a8-446c-b1ab-1f29b7ec4ad6,0.0
778dc086-fd6f-4792-ae26-cfed5cc20fc3,0.0
77887dc9-4f00-461f-aec9-4620763dab87,0.0
77728af4-88ae-44ad-a1a7-4ecc2fb24271,0.0
776cc442-c0ce-45d7-8a79-f00a4e0365b3,0.0
78aec403-eb3c-4d96-a48d-a7fe5bbce69f,0.0
789a5d51-c428-4c3c-98de-88f5d2079fd6,0.0
78824e0b-3df3-46b4-8d6d-2f862bd52875,0.0
78790b77-42c1-4589-ae79-085366777af9,0.0
2e489234-57af-4754-9545-1c1d3541738b,0.0
2e46d53f-85ca-4c19-b182-cf1ab35e4d57,0.0
2e20d7f0-7bff-433c-a166-09ff181983d7,0.0
2dfc9b30-e19c-44c0-b329-e45abb2fe212,0.0
2df0cad9-8be2-4526-8dfd-f5bfdaf7efdf,0.0
2de7fd11-34c4-4d05-a00e-3eace258b4c1,0.0
2de57441-51a1-4c7a-a33d-0c5242f753fa,0.0
2de0222b-fb22-45a0-bdca-0214710214b5,0.0
2dd92588-f49e-4d25-9e7e-400095372689,0.0
7860d36d-2363-4a29-ba85-5f38153f66c1,0.0
783be1c4-8102-4616-9c35-9e48c535661a,0.0
79812ee4-6869-4e07-8dae-409ac73d9c89,0.0
797dd60c-1433-4255-ae87-e15125d2fff6,0.0
79721ad1-6a60-45b6-b65a-a2c83551b724,0.0
796dbd59-ce82-4fb3-9f2d-ee6512e31266,0.0
796d5d6b-67a5-42f5-96d3-66427f9cc9a6,0.0
7953b2d6-8e50-4c95-9b98-f942da18c2c1,0.0
794c1bfb-ad0f-478b-a57c-2cbbcea62c8d,0.0
7946a89a-1c18-4268-a383-7196e27aa48c,0.0
79358ac8-5d50-46fb-a1d7-a61fb5a7adb0,0.0
791fe822-1241-4b7a-a879-14da165e369c,0.0
7905708f-3565-40b6-afa2-4197f80c5b44,0.0
78f377a0-b15d-4d66-96ff-4b0a3f29e486,0.0
78e780dd-a50d-4192-b5d3-ec3cc7d7de84,0.0
78ce77e2-2b73-414a-900f-66ffa66923e9,0.0
78bc6f53-07fa-41f4-9b0e-b1055098b9fd,0.0
78b84815-cd87-4555-b49b-20013560ede3,0.0
2d00f8ef-579b-430a-8097-537df7d7fbfd,0.0
2cf8852d-b5e8-4fc3-beff-47dac4a521cb,0.0
7a328699-fafb-4b3b-bdbd-30171a7e1a2b,0.0
7a2d9cff-5b0d-4085-9c03-36e19754f148,0.0
7a29f3d0-6c89-430a-bc69-32db3d3d6161,0.0
79f0517a-d47d-4f44-b89f-7aa87b554641,0.0
79e68997-68ea-43da-89b8-3bddbc821fb1,0.0
79d29c74-7ef1-4415-8222-15471ab64fdb,0.0
79d26b1c-9ee3-4e1b-a51a-541a89165dd7,0.0
79c838a6-8965-43c7-ab98-950ecfc6edc5,0.0
79afa205-82b4-43f0-80cd-4798e9f7ca9e,0.0
79a3d6b5-fbdb-455e-b5c6-c536ff695b94,0.0
799e894a-a985-416c-bffc-ebe3d60be3c5,0.0
7994bf90-e323-49c1-aed1-3a0bfe4c5620,0.0
7992eab8-05cc-493b-bba6-fad940438e35,0.0
798598de-c867-45f0-ae06-8f6a7a7d3fe3,0.0
7a6b0ad7-d48a-45bc-8f04-d72d00376a3e,0.0
7a5de924-e32c-40aa-b93f-c8798e7e804d,0.0
2da6dce9-aee3-4d98-b6f8-394d0aeeba4e,0.0
2d8f0ea7-7fb5-4b84-9da4-19612dd13ddf,0.0
2d7894d5-5c0e-4010-aa58-7a94a3c488ef,0.0
2d789440-16a8-48cd-ba61-c3881c217e9a,0.0
2d70ffde-8187-4330-8fd9-1c893e6eae48,0.0
2d6e1d1d-c763-4f52-bdef-c62301de8e7f,0.0
2d68c74c-37b0-4107-b9e1-317df4941771,0.0
2d60f910-194a-4cfb-8a71-84e9cc3699df,0.0
2d53dc84-ec1a-4f8d-a066-2a7534f466ed,0.0
2d4dde95-7134-42ab-9f99-c7e3e6d92de1,0.0
2d3ab1af-9535-486d-b48f-1b3c4bfc6381,0.0
2d2c37b2-272d-454d-9528-b5abe7c4d8b3,0.0
7b9f8a37-ddf2-4e3e-bf04-8fbcbb3c616e,0.0
7b876ec4-61f3-4aaa-84f9-54d143c15b74,0.0
7b5a6a65-3e5d-425c-91d4-be1418e7f6ce,0.0
7b582275-b9a3-44dc-a2f6-08b00dc9f788,0.0
7b4a8094-acbf-4183-b439-c9812a339477,0.0
7b2d47aa-e960-43ce-a266-c08827ef258b,0.0
7b102eb8-a12c-4a9d-9eae-347e83d9c1b6,0.0
7af450b2-2ba4-48ef-afc7-daeb946fc20c,0.0
7ae09d6c-8767-4511-a70a-09392e70c2a3,0.0
7ac790ff-887d-4271-8164-7209a8efd6ec,0.0
7abfec60-1c90-41c5-9904-444a3ee61e49,0.0
7abbb66a-04af-4f9e-94cf-50709df96f8a,0.0
7a9e49dd-7666-4f78-a641-24d767440176,0.0
7a807f37-9563-4310-aabe-524e9b3576d6,0.0
7a7c010c-878b-4766-afe9-b79cff517e41,0.0
7a6c0152-2288-4945-a6a5-91b08b9ed250,0.0
7c5e73de-59cf-48f8-85e9-36c462f6c12b,0.0
7c57a43f-fe6d-4bcb-916b-e322d4c94b38,0.0
7c54cdfc-1818-4940-ae55-282ca0d6aee2,0.0
7c34acc8-6ab0-4a06-8c45-9ee91636a1b1,0.0
7c298cce-f684-4894-a3fe-81941d6193b0,0.0
7c22e074-a6bf-43a4-a109-cf3ce37e91c1,0.0
7c1ef6b9-d41b-4be7-a073-e9dd8a2d81c1,0.0
7c1b5e5f-a4e3-4903-b0b4-74a53eaa563b,0.0
7c0c09a3-6bea-4b7e-bf24-0e9465e48b90,0.0
7bff9c01-c8e9-4123-80ca-37ffaed824bd,0.0
7bfc62c9-241c-4296-8cb8-ba2e04597af5,0.0
7bf2b776-f65d-41ca-9c47-7c5f0c98a4e1,0.0
7bf23353-b1d0-4f61-a71b-38180d2f6393,0.0
7beb8d1f-a127-430a-b400-56551ee36213,0.0
7bc238e1-a573-4af1-8be2-aec90fe2ed0a,0.0
7baf697e-793b-48f0-abc6-978eba6d9dcc,0.0
7da42c02-8d14-4ad3-b498-e4806047ff0a,0.0
7d9c7faa-d600-467b-9e62-3980cbf10d40,0.0
7d8397ed-c632-460d-9ac6-cae5e0b8143b,0.0
7d68b748-ceb0-4224-b215-4726516c0229,0.0
7d48fa81-3698-4631-b4ed-7238d5916c50,0.0
7d3aef95-5556-4fce-80af-57e47b881246,0.0
7d263d0f-6348-4142-b1b8-6a37ee6cf932,0.0
7d149250-1ff8-4d43-9949-dd0ac8660423,0.0
7d06179a-0749-4855-ad88-febe238a84d7,0.0
7cfb6f48-00d1-4112-9aba-7f782c57f4ed,0.0
7cc192fe-ec7d-489b-bff1-ce64b26513e8,0.0
7cbf7d10-b33b-4e68-9736-7b028f256b0a,0.0
7cadb016-0130-46a3-aeb7-51160b781c93,0.0
7c80e70a-8546-4368-b9cf-c651d0fb8105,0.0
7c656b7b-f5bf-4aa7-9db7-5c23bc0f1cc5,0.0
7dd04a23-f898-4cd6-b46a-5fcaeadb2557,0.0
7dc32e59-1465-45ab-ad1f-c46bcdb1dce2,0.0
2ce9cb06-a5b2-4f76-b7ec-f7493a88e165,0.0
2cc28856-fdfc-47f3-aa34-8e23ff84e951,0.0
2cc13900-d9ab-4c40-b1af-b4c09784e5fc,0.0
2cbdd712-531b-407d-977b-3a4eac97beb0,0.0
2cb90257-160c-45b0-98c0-609f020e7f96,0.0
2ca9bf4e-1b4d-4415-ae33-35eb88841210,0.0
2c89be0c-8068-442f-a1cb-9164c0df8a68,0.0
2c849e09-5acf-4783-8c77-ebfa7c911698,0.0
2c6bbf2e-d865-4fe2-9755-53c9c3c868ae,0.0
2c68f658-921b-4e6f-b0e5-40a49c7d1b55,0.0
2c65c570-e2a7-4987-83ed-b2292cc39374,0.0
2c6516c8-591b-4087-8ca8-24e600e5e971,0.0
2c6054d6-74dc-4ca4-9e4c-d7e05d5adcd9,0.0
7ecedd35-42a3-49d6-907c-151e38787dfb,0.0
7ebf4b88-a009-44b5-8520-d29b3bcfb22a,0.0
7eb30469-5cfb-49c9-8a86-7f20df41a541,0.0
7eb13821-bc7e-4ca4-b00d-0481422ac465,0.0
7e989f0a-4947-4cb1-ad6f-2fc78a8e7445,0.0
7e87a95a-b2e1-4a1b-84a0-ce8b534d380c,0.0
7e7846cd-c668-490b-909c-1586bb053618,0.0
7e564b5f-31c0-4220-a300-6c684c9451b1,0.0
7e3baeea-f70c-4152-a3d6-508ab047a4f2,0.0
7e3a2a08-6176-41ec-bf6b-35dc69253d0d,0.0
7e2f265d-632f-4b47-89b4-438149b489a4,0.0
7e2a5f1b-d5f5-4dcb-b002-2c6f9c21444e,0.0
7e2808b3-fbed-4c23-b48d-ead7eb68b007,0.0
7e18de78-1f59-4a54-b8d6-3c74ab1d0419,0.0
7dee9581-dee0-40a8-90a1-efe6b9c96975,0.0
8029754d-edde-4d3e-b84c-fdb871611fc1,0.0
80086566-6ae6-4598-a46d-fe7a6badaa97,0.0
7ff3a571-de54-4793-8a39-06368dd7429a,0.0
7fee5c7e-8044-4c45-8d35-20bdb18611d3,0.0
7fbba745-ee9e-43c3-963f-1dcea531199f,0.0
7fb25f82-ff94-4046-aa2e-3b0b0a158663,0.0
7fac5bd1-7f83-43cb-9e89-f42a2d22d357,0.0
7fa1aca0-359f-4007-a566-e5072462d294,0.0
7f996b35-b346-4b0c-acf7-d4a4b135c21e,0.0
7f231570-f437-48bc-b449-da307d18ae26,0.0
7f10d3c6-9f69-4f43-807a-46a5cda654dd,0.0
7f046ffe-922e-45a1-891f-438f25bcb2ca,0.0
7f03e732-bb8e-4534-ab6d-333b1bafe9b9,0.0
7ef9f943-0677-40ca-9c8e-c800d67f83d9,0.0
7ef8e404-bfe4-449a-b56c-a520ddbe16a2,0.0
7ecf09a3-845b-4d6e-9ee0-b8fa07d6bff9,0.0
80d950b3-6bab-422d-bd62-0d8c1661d158,0.0
80bd5574-e0c9-42bf-bbc1-776f7f1ed241,0.0
80aa1ac1-8f39-40f0-80b2-44043f37d015,0.0
2c4d5110-5f55-4af4-ba97-8f1a098380a5,0.0
2b935c3e-bf40-4b78-a89f-f562950fd47a,0.0
2b8485e8-4fcb-47c3-8f6b-98d2b1fb8b60,0.0
2b6e25e8-19d5-4f4d-8a0b-dcc233cef524,0.0
2b4aff3f-8ea2-46ce-8dc3-8114ec79e8a6,0.0
2b4a4af2-98dd-48fa-96ec-855f2af6125f,0.0
2b279dc2-56b6-4102-ab6c-0a1ba8bbe563,0.0
2b0d937e-0a00-4fe4-b56b-14819f0aa24b,0.0
8081bdb5-de57-4d12-87ca-46c3687bf94e,0.0
80659f46-67de-4c2c-97d8-3788ebe8501b,0.0
805f6d34-490f-40d5-b241-e9b10e12d3f9,0.0
80376eae-3cb1-49ce-b182-316c07c0058c,0.0
8209aeb6-4c7a-4a4b-9d75-12788e4a953c,0.0
81f51345-23bd-4667-a6e5-6d55734460fd,0.0
81f058ad-6228-45f7-9f43-16f6ab096167,0.0
81f0308d-b943-4944-8c7e-7b43c4533fe1,0.0
81e3a165-f4f1-4c99-b76c-6f15ec7c9754,0.0
81bea52c-a966-4ff1-bcd8-8e8bda68f3f2,0.0
81b9ffcc-e5b7-4db5-8d83-e96733623edd,0.0
81ab8584-6bf0-488c-a71a-8581e97ab91f,0.0
81a801f8-57bb-42a8-a72f-e3db87b93a18,0.0
819a6bca-25ee-473a-90b2-1d534fa2ad49,0.0
8196a243-456a-47e7-ad8b-add5c307825b,0.0
819599cd-8a9d-49f3-ae8f-8455f0d38cbf,0.0
8179f687-adb0-4e5f-b0d3-7915f790c8e1,0.0
810739aa-3956-4c5d-bed0-908f47944708,0.0
80f70420-3093-46e5-8729-d0708bf93802,0.0
80e75fb4-2a9a-4166-925b-f935b4bbb0e4,0.0
83541a29-1348-4309-85cc-72547b5c9484,0.0
834ba03b-469a-4584-a5d9-2626d4c636ad,0.0
833bdda1-d601-49b3-85f7-95e2d4d163eb,0.0
8337f88a-ae64-4b49-938a-aff76bc29a32,0.0
83261daf-0c41-4b6f-8762-618fd5114402,0.0
83258f51-4438-46dc-8751-67bcf00801a2,0.0
8319ce33-d511-4f9c-ac38-fc359ce422f0,0.0
83082ed2-ad35-400a-9d94-9eda2cb1bd11,0.0
82f09f65-4037-45c9-87cb-0d680c1d1f44,0.0
82e84731-37c1-4489-9ef0-711ff6deae5e,0.0
82a5a134-ead6-49bd-a652-f340263742d2,0.0
823da684-8634-4540-8b7a-5a39e4d72bc7,0.0
823436c5-88a7-4378-a0c6-420161a2139c,0.0
82285df1-9521-4eb8-914e-7f3dc88c6851,0.0
83aa0c54-3ab7-4395-944e-99d035c53387,0.0
83923212-6914-4bf1-92bd-f78838592112,0.0
838f512b-7d07-4abd-84a1-4f3e45fcb611,0.0
8371f8ff-642f-435c-88ba-937c08e4b4d4,0.0
2b018779-dadf-4ff6-a9f0-24aa7b4abcb3,0.0
2affb253-b727-4461-b1f6-686f6688826d,0.0
2aedd09c-9736-4d2b-a04e-891777f4ad56,0.0
2ae09cbb-3aec-46de-93e0-35b915fa3ae0,0.0
2ad9c24c-6683-4c9d-9447-2abc78572015,0.0
2ac6e223-b903-426a-a2f2-f19a9dd37b4a,0.0
2ac3b6c7-f9b1-4560-8dbc-af57db2d1548,0.0
2ab1f1a8-6f45-4368-a92b-921d4f128ef4,0.0
2a93f39a-8c7a-46d7-9d0c-333bacfbdb83,0.0
2a92dd27-86be-4b09-a026-107f5ca35e63,0.0
8362539b-90c6-45cb-88e4-4578ee0f15e8,0.0
85265e3b-44ca-4d10-b333-360126e78ad6,0.0
85258205-32e7-4834-8f5a-548e20471bcf,0.0
84f14465-b73f-46eb-b316-da11ce559f4a,0.0
84e93ff3-3667-49f8-8944-938932a123f3,0.0
84cd8644-7786-4fa4-86a0-4fe92430edca,0.0
84cc9e64-c99b-4844-9e6a-18f6b934bf22,0.0
84c751ae-3669-4bd8-93a7-7547d6a6b1e0,0.0
84b20200-40e0-4e12-a7c8-d8f56071463b,0.0
847e749c-4503-40c4-95bc-d01ab44c1c14,0.0
844c6f3c-8abd-409e-babe-2fbb48bcc7ea,0.0
8449b2ee-f9e0-4f52-b918-582651eb7510,0.0
84443ad8-32ab-44ad-a373-2d8476a59315,0.0
842ecbf5-bde2-4178-b4ab-3e32953a4128,0.0
841a2c22-2f33-4e02-8b25-1584ac274967,0.0
83f37166-a623-4e66-b1e4-2b28a921718e,0.0
83b6a116-b4e0-4b41-959d-3b1a62aee18c,0.0
85d9c723-803d-401b-828e-8ca87ef1db67,0.0
85c8fd0e-70c0-49aa-a95e-5f94d538848d,0.0
85c649ed-bcac-47ef-89cc-005a7af9e93d,0.0
85c60b60-5efa-4beb-9cbd-21e36bbb5100,0.0
85b879d5-d315-418c-ac2c-05ce301ee8dc,0.0
85b656b1-b278-42b8-8ddb-afdda0f4311f,0.0
85b06c85-acef-4f60-9c49-9610f598c584,0.0
85a96556-41f1-41e7-8a2c-515775d84de3,0.0
859d2eae-9d57-4c2a-aa79-38d00723f83b,0.0
859d0c1f-dd88-4b79-9790-2d881c0e489c,0.0
8579cd36-79ee-46c7-b841-fc137f4d4df2,0.0
854de968-f3c4-44d1-85b7-1d7881203046,0.0
8543ed7e-588d-4f32-adb1-867d13e74e3e,0.0
8541094e-be26-49bc-81e6-c77f3a634c1d,0.0
852e8aa5-e4f5-4854-b907-58e9c82dc7d0,0.0
29d4c70d-a837-4ca6-bec2-ae8feac8727f,0.0
29ce2964-fdb6-4a4a-83cf-201135d636e2,0.0
86e280de-23f6-4dbe-950c-f1d038ca4bf3,0.0
86c964e8-bc61-48c8-b470-40e2de7462f7,0.0
86c1ba39-0c26-44fc-b617-273b709e00d0,0.0
86b8beed-b920-42a2-961e-5c0201d0d3f5,0.0
86afc27c-f36f-4f36-9c82-a1293a6b3896,0.0
86a3b07d-9858-484f-8d33-ee1f6102843b,0.0
868a54be-af09-4429-bf69-efd82759ef9f,0.0
86883093-6abf-4f0f-8513-f8b332d76a05,0.0
8671661e-54be-4dac-94d1-a74fe7bcc69b,0.0
86327a96-1cd1-4676-8d2d-d0a2c0ba31f7,0.0
8615b73f-51e9-4999-ac73-23acbbf97078,0.0
85e4de8e-d84f-4d5c-884a-b981c6c890a7,0.0
85e4bfd0-26f6-4684-802e-7fe41a3dc81f,0.0
85de6dab-3952-4753-88ce-0087edc9ac77,0.0
86facf1d-ec2f-40d4-ab15-bd954151deb6,0.0
86e6ae8c-995a-466e-be62-942dd8b123b6,0.0
2a83edd0-8703-4d0b-ad59-2bc40ed7201f,0.0
2a8384e5-ab32-456a-99de-92a9a4f431ac,0.0
2a7b90a0-f728-4fce-90e3-4a506547dcb6,0.0
2a5e7d3d-b2f3-40ba-a369-827a03a6dfbd,0.0
2a3bce5e-f571-4517-b918-74dda8e47c20,0.0
2a3afbe0-a459-4b2c-88d4-cc723f4b335d,0.0
2a2e8a29-a8f2-4569-adbd-6c67a2ae3166,0.0
2a0ea793-1b7e-4dd2-aaec-0cc90b5619a8,0.0
29f63ccb-6f68-4bf4-af29-f1f64683c0c4,0.0
29ebff1f-5fc9-420b-8a7c-9b7e8dae8168,0.0
29e4db36-be95-432a-b70c-cbf5e1535f7a,0.0
87baff23-4e05-4304-a862-23a172960add,0.0
87ac49bc-3967-4685-aca0-ede505fbe53b,0.0
87a303d1-a82d-45eb-aeda-3e10f5a86e70,0.0
877b6451-42cf-4903-9df3-0701f24f1936,0.0
8778ab98-fc48-4376-a4dd-f77f059e6160,0.0
87626252-d7c8-4b15-9030-6caed4c1e41a,0.0
875ba971-1a24-45d0-999a-34865f773fb8,0.0
875b5234-edbb-4480-9dfa-8ff14be10393,0.0
8754c847-796e-43a0-ae55-7e1ad5cc940e,0.0
874de1c2-b87c-4b70-afd4-26e9e8364d46,0.0
87432aea-7e75-426d-920d-83ecbc37456b,0.0
8714b262-4c90-41cc-818d-ee00ca83b634,0.0
8710aa66-c5d9-4d3e-8508-d282d1042c5b,0.0
870f6896-bc4d-404f-9719-04630047e3c2,0.0
870c11c2-f0ee-41b3-a6ad-6f3d9b07f909,0.0
8707517a-9757-42d7-95f7-079a560ac5b9,0.0
88dd3557-1072-4546-ae0c-ab25a5b58abd,0.0
88caf9e7-1c21-48ff-acb8-f3f205c41370,0.0
88983af3-de4c-438f-acb1-72849d1f468a,0.0
88754396-b322-4b1d-9fe8-c2c2b612115a,0.0
886a519e-870d-463a-be30-adc4f31be86a,0.0
885c8b38-4b6e-473f-9748-b4f364f8355a,0.0
884bf2be-29f9-4259-bc7d-2672e1b7177d,0.0
87fac1ae-7f3a-4789-84b4-dc2db90efc17,0.0
87f7c6cc-5cb8-4081-aaee-61d54b00d523,0.0
87e8f1e7-16b6-4407-afdb-e5cc8e117c27,0.0
87dd472b-edb1-471c-bcfa-736db1df0c99,0.0
87db861f-8edf-402d-b140-9e04eddd5c13,0.0
87da7ac4-3566-4318-a180-2d0ade8fd4eb,0.0
87c9d978-51ea-4f06-9f68-caafedbbb92b,0.0
89a09f54-9f55-49da-8a2b-d77743e100eb,0.0
8993c65c-ad9d-4d2b-85e8-a70562d04978,0.0
89803702-7c84-43e4-9c45-205f82c940e8,0.0
8976669c-5e5f-41f5-ae90-9b36a59b3ecc,0.0
89745177-66f8-4cc3-9a21-2687d42fb666,0.0
8969847d-e11e-411e-8aea-5a6164473e76,0.0
89679f30-5722-4c10-850a-f55b1fe96c7a,0.0
8965d4a1-e5ce-4700-aef0-12c49b43d021,0.0
896165f9-38f9-4e39-a80d-dce212046117,0.0
893ad793-4282-4cf7-9ab0-3de36a3235b9,0.0
89392314-09ab-4c56-aead-315469417377,0.0
892b9c9b-b555-4db2-bd13-9c77e8c6e63f,0.0
89285a3b-44fb-48af-b59e-438d5cdca895,0.0
88ecc1d7-7294-40aa-9287-ccb395bceed9,0.0
88ec5f6b-bdf9-4b9c-83b1-39094f505f3c,0.0
292dc384-e1bc-4ab7-8ae8-e6989132c56e,0.0
291e7ce1-9f83-40b5-acdd-da5e35d4abd8,0.0
291b0beb-5b38-499f-8353-83f4cb9fe2db,0.0
290c6e0e-8b2c-4c5c-8829-8d023d9e9f3b,0.0
8a599e44-a54a-472a-a97c-300c9ac11eba,0.0
8a5667be-dcbe-4327-a982-99364881282b,0.0
8a493b7d-cd9f-4eeb-aa5a-ac8a8e6f5436,0.0
8a414bb5-85e2-4b4e-961e-d405df3dba49,0.0
8a2c4583-aeaf-48f5-8b3e-25038cca8766,0.0
8a0a68a3-b823-45cd-bbcc-8aad023f8ab4,0.0
89ee0e53-d3d6-4d59-97b2-ce560e28c668,0.0
89eb46b0-cb7b-410f-8b53-5c5d254266f5,0.0
89d31cbc-876d-469c-8905-5b037783e1d6,0.0
89c1cf85-8a80-4ffa-a38c-5d2e55719f44,0.0
89b832e7-a746-425d-8019-77ed4e11fbdc,0.0
8a862eb3-65a0-434e-9e51-9a491d7d83ef,0.0
8a855fe5-cd8d-4ff4-82c9-55a163e606a1,0.0
8a819b2e-1c98-454e-ab8e-50d2767402dd,0.0
8a7411a0-04c5-4ff1-a7a8-0acec8ba88aa,0.0
29c88491-c6a3-435e-92eb-329f9a518349,0.0
29c3e36f-0688-4018-a081-5fca5015a4c9,0.0
29b6a7fb-78d4-44d3-b0cd-b75203187a86,0.0
29b15f3a-15c2-41be-9515-507b7f2db178,0.0
298f5b12-c2b9-4d72-9ba6-3012e2ab2f5d,0.0
297bfbba-177e-4428-be8e-e3f324ef2a96,0.0
2970e9b9-e7c6-497b-8587-1624d10cfdae,0.0
296fd398-7c79-4380-a86b-f394191ad5c0,0.0
296aea83-5771-440c-ba60-ec0057805622,0.0
295a2d4d-e6d1-460d-b1df-d440aeff5f8f,0.0
2956a332-5ce6-4a11-920e-5e6c39876a5e,0.0
292ef1e9-e4cd-4782-ba82-aabe66551bda,0.0
8b851ecf-a3fa-4f0a-a233-dc1462c9902d,0.0
8b31d4f1-e46e-4568-875e-33254ff92d2b,0.0
8b290175-e838-4ab1-989f-b5a45212049e,0.0
8b257e89-bab6-46c3-b891-93bc77490662,0.0
8b0b4e28-3e92-4e91-be98-e14630123f4d,0.0
8aea6181-76b8-4194-b1ff-c0b3b7a10969,0.0
8ab95cdf-83af-4286-98dc-bc04821c9b2a,0.0
8ab0630a-1a66-4635-a410-1e5944f1fd31,0.0
8aaf111c-86c1-4d04-b81c-809ef83c78e3,0.0
8a9ebcd9-88fb-46b7-ad12-93d473f46cdc,0.0
8a8e3e4c-3728-4177-9260-183ea5a0967a,0.0
8a8c709f-4f09-4133-ad91-33d5f1e2f347,0.0
8a872de6-ac29-4541-b391-1ae9c2918700,0.0
8c53fb41-0309-4215-a6fb-44e4768fbbc4,0.0
8c507885-6dc2-4b7e-9c64-3ab5c022c6aa,0.0
8c2e9962-6e91-4f3c-acab-2740627f6a3e,0.0
8c28da0c-920b-4a3d-bb87-02fe1aec779e,0.0
8c19c193-dd98-4fe9-b355-e976446ab98b,0.0
8c1864c5-85a9-4ecd-8e4b-66268d599fa6,0.0
8c08c072-650f-4236-ae36-30f6a6fe4fd2,0.0
8c049980-f1bf-4102-8777-76a50192cb9c,0.0
8bf6bbb4-e079-4f7f-bbfe-fe40dcf496e1,0.0
8bd37ca4-a94d-4bf5-8945-80178eb61a18,0.0
8bd1d8e6-ac26-4c3a-a2eb-7e921e04eadd,0.0
8bcc3b93-1b42-40d7-9472-acb00331fcbb,0.0
8bc1f0c3-744c-4a2f-a093-00ea7b6f0ee1,0.0
8bb59d7e-74ad-4bcf-9fc9-f559612220b3,0.0
8ba9ff75-e63a-41ea-be76-d8e849177538,0.0
8b959f4a-0d0c-4f14-aeb7-39917d0b2ad7,0.0
8ce72705-1e4a-4f7e-a15b-08fcedde6778,0.0
28d8a270-9390-48de-8f4e-d137112d809b,0.0
28cf319c-8c35-4205-85ed-088d0aa4a197,0.0
28a5a95f-a228-473d-8a41-183122643999,0.0
28852fe1-12fd-465c-8a9f-b0706d19013e,0.0
2872366a-8542-42ce-a438-62888899132d,0.0
286b180a-7b00-4bc2-89f0-bc70f4274baa,0.0
286555b4-18c9-4f7f-b4e8-0264d2ba6b5b,0.0
2847c5c0-1d2d-406e-ad55-d3b0c0792365,0.0
283524af-589b-4e87-abcc-f45ffad0f348,0.0
282bbf46-555e-4b7a-a31d-83bdf85a56d1,0.0
2810612e-d14c-4223-b606-3065844b343a,0.0
2806a842-0afc-4982-9215-cdfecefc5d0e,0.0
8cd840cd-8617-47c2-942d-7a14ea76bb14,0.0
8c7cc334-78c0-4202-b6b8-b4240d8c4f3f,0.0
8df5b20d-c05d-40f5-993c-195e8fcde400,0.0
8dedfb0c-d571-47ab-89d9-1074056cd4f9,0.0
8dc23fdc-1a35-4344-a9d5-bc79676686fd,0.0
8dbc360e-3846-4160-9313-ef5e93d65dd6,0.0
8d9bf8a9-8fb1-40c4-87b0-d88b738ac9a3,0.0
8d96446c-9189-44a3-b870-5b280a4b86ce,0.0
8d8645ed-99fc-49c5-bfba-1354633f7c14,0.0
8d81ef61-996c-4567-a7d4-75f53c1f3569,0.0
8d7c58d6-f431-4bfe-950d-3786fc455708,0.0
8d79fa69-e518-4a6f-afad-a71c222b277d,0.0
8d6f3727-fa0c-4df6-a293-c70e14e66d7d,0.0
8d688504-ac59-4eee-8977-3becd132ca7d,0.0
8d496c3c-d914-4969-8e61-88e5e2267072,0.0
8d31a28c-ae8a-4cbc-add3-d595ae89a7a7,0.0
8d243b97-9555-4b9a-af31-af3b43978e39,0.0
8ce87423-f911-4985-b86a-97cd304afb80,0.0
8ed7009c-90cf-4a14-9053-606d6da20ae3,0.0
8eba201f-968a-4ff5-b6c4-8aafb3061495,0.0
8eb739a2-6ac0-4ab3-91a1-d2023741660e,0.0
8ea1bd6d-21ca-4937-a36b-2865af8ed675,0.0
8e96059d-ffa8-465c-bd73-a5afe7aaecc2,0.0
8e7d32e7-f750-447c-a8dd-14638c488574,0.0
8e65f461-77fd-464a-b5bf-5aad32597549,0.0
8e61eb28-e0b0-4a1d-b403-b78e9c037658,0.0
8e4fbc4d-cad2-46a1-84ff-3d64154dd2cc,0.0
8e45f66a-27a2-432e-b141-8c7a685cbaea,0.0
8e433f5b-0c85-4e7e-bcb4-48ef746a6155,0.0
8e3dcb53-97a0-4b3e-b6c6-d9410a381925,0.0
8e3d8151-f425-4bf4-b2d0-04bdcf287d81,0.0
8e2945a3-91b9-46e9-9d7d-764e89198da0,0.0
8df6ff49-5172-4bd3-9528-8465ea03ccc3,0.0
8f31940a-68d1-4b79-9fd3-beb377f08b30,0.0
8f0c69fe-7a0d-4c1b-8791-b5d7cd91d86c,0.0
28054049-090b-4767-a0a8-2d8258400ab8,0.0
2800203a-fa59-4fa7-9f24-bf3101261f2b,0.0
27fb57c0-c1ec-49c6-8bd8-0e9a086a1f71,0.0
27e4affc-a5a0-4af2-8b91-5dcf05d8c4d5,0.0
27d1b444-a52d-42d9-a3b9-591bab57d050,0.0
27a911ab-a76d-4c3a-8c45-5145632b6491,0.0
277b2aff-c940-4401-89c6-52c8795bb401,0.0
275feb0c-6a95-4118-a3e5-c6d4ff1ba1c8,0.0
275faeee-352d-4dcd-9bea-eb207f17bd2c,0.0
2758a8f7-d99d-42b8-8547-4b82bc1786a1,0.0
2750c3d7-3634-414d-9d4e-e668a07ef4dd,0.0
8efd8d70-75eb-4084-8789-f149b3d44743,0.0
8ef8a53b-eba4-4a24-ac66-9ae044409de5,0.0
90cb6460-1445-4df6-aa8a-3a2b823955e5,0.0
90ace811-dc8c-4bd4-a46c-08773e882827,0.0
90803771-6371-4e03-9d0d-a87bfb692b9a,0.0
9064e97b-df86-44b7-b0ce-01867af7d290,0.0
902df71e-09af-4df5-928e-9209fa120649,0.0
901f3fd0-6348-4db1-8d9a-a984ae273a14,0.0
8fee9404-ab05-4674-9437-4abd9876b965,0.0
8fe64034-d8dc-4928-bab6-27ecb5997df3,0.0
8fe404a9-0659-4d4a-a49e-e34c0249facd,0.0
8fdceb9e-9e8b-402a-a2ef-f3e48b3bb8ae,0.0
8fc942d6-5370-4b85-9994-b2a0859abc6f,0.0
8fb3668b-c436-4780-82d9-08efe900d464,0.0
8f864220-3109-47fd-9f93-f9b6aa06210a,0.0
8f4fb7bd-0aa4-42e9-a233-f3b86d7ee683,0.0
8f3d964f-d2c4-4fe3-b1ca-9819f8f14b29,0.0
922d3f55-9888-4da1-b8ea-9f02ecd535b7,0.0
920644b3-6065-4f4c-ad6e-93636aef4461,0.0
91f92cac-29b9-45e3-aeef-0040a5677dee,0.0
91eb3586-af0c-4940-be58-1891de7dc79e,0.0
91e94304-23b4-4bf1-a2ed-648832f4850a,0.0
91a31d04-1c65-4288-97e3-25c345f97021,0.0
919c74ee-3cac-49e1-b3ba-0707e2f0cae4,0.0
919a927f-dc1a-472f-beca-eee7515ac0a7,0.0
91980fde-6deb-432b-b13a-b10be59ca453,0.0
91867e78-6719-4fca-9fcb-821ba4adb869,0.0
916e571f-85bd-44b6-879c-b7250c224e05,0.0
916284e8-d2c4-4583-9c4c-d9c58feab6ce,0.0
913a8068-4a1f-4cba-8119-5af3cffbc8cf,0.0
911b2b96-0ba6-4533-bbae-47ddc6dd41ff,0.0
90cc8331-2a8e-4d8f-9727-aa473a0a0829,0.0
928fab20-e3f2-4725-b1cb-aab88c1c2b4f,0.0
928d5efc-5c37-4565-bbc4-220dfc192c1a,0.0
927e185d-4f2e-4cfd-9a63-df87e73dac61,0.0
274e2330-25c5-4bdc-93ec-47de97a527ab,0.0
274cbd0e-d033-49fd-9b5b-86bd5493ce7e,0.0
2748bb39-bb9e-4c9f-a73e-572afd25d6cd,0.0
27408d0c-d208-4898-a380-1448b754a73e,0.0
273d7ddb-c7ba-421d-b8e1-d3d349456742,0.0
271ff44c-84a3-4b41-8fb6-2f393aa10b05,0.0
271e63aa-979c-487b-b94a-1a6b30c55933,0.0
2707e0cd-68f5-4a39-92f7-46c4d7c6d144,0.0
26dcd9ce-a580-4b51-98cc-556fa6e0fd00,0.0
26d42142-22bf-4785-988b-dc619ed4884c,0.0
26cf08d2-759c-4b47-9ca2-d8f8c449a4f4,0.0
2681990c-db2e-4414-94e8-5f368109bca0,0.0
2677460a-7dc7-4ccb-a95c-785b7bb7c25f,0.0
9395e067-857d-4743-a6c0-14796c29cc3a,0.0
93915acc-7997-49d1-aa66-29a229f84e45,0.0
936f9c3f-2764-4835-8949-1c029ce80061,0.0
9362be24-4476-48c8-9b04-7d814d82a3f6,0.0
93461197-312b-43ec-93c1-c0449abb508b,0.0
9317fee2-f9f0-4532-8b18-31c41b577475,0.0
93161a14-6e4e-4aaf-9313-46c894b0cc1d,0.0
931423e1-a207-48ec-95bf-3874f7ef3530,0.0
93115e6c-f1d5-4095-9f64-9f824592cb42,0.0
92fa2c9d-c74a-4656-86fd-1617fc76f408,0.0
92f62864-f727-4d15-935a-abb4d70ac1c6,0.0
92f42623-04b9-454e-a566-4de1ff6d74f3,0.0
92e2ce7a-253d-4a36-ad15-55376cb51ac2,0.0
92b4a050-0309-4739-87e7-cf57ec2505b8,0.0
92afa1db-cc8d-4a38-bd2c-faa2cb7831d7,0.0
92ac4562-e4d7-42ad-9591-27a66c4d3602,0.0
2669dc27-ce02-4314-9dfb-9fcf10aee9b3,0.0
26692b7b-dacc-4673-a2d9-829bc41b6514,0.0
2662793f-bbac-4b92-90c8-c4526aba5d9a,0.0
262d55cc-ca7f-4d74-bf4c-ebc5a8e1eb10,0.0
25efb88a-43d6-452d-b025-8aefd43252c6,0.0
25e0c60b-755d-453c-9e31-5af1a39249cd,0.0
25db5337-c777-44db-b3bc-4741027853b4,0.0
25d20d97-cce4-4bb3-8403-412a8dbe6ea8,0.0
25d19b32-56f1-4b91-90df-1f01654e9a81,0.0
25cb3887-7eb5-4d82-a4db-b1125efdfd81,0.0
25c230af-3611-4ab5-a968-5e0433a6e18e,0.0
25acb231-5256-44fe-81c0-3e87a1f4f7b0,0.0
93bf2a08-53ed-473d-9bc5-0eef498d0fc1,0.0
93bb6d3a-726b-4325-a738-3ac85c970584,0.0
93979275-a743-41c8-88dc-93d6df4c1558,0.0
9513e846-c66c-45cd-ad10-2c451c8e7798,0.0
94fc54c1-b9e0-439d-a158-4342ef5caab3,0.0
94e290f9-d1df-4a94-83d8-bfd9f55f40f3,0.0
94dfd1d5-6608-43f0-9729-c65839b7b9e7,0.0
94d7f8ea-9269-4777-b167-44e58ab4d681,0.0
94d73c41-514e-40f7-8ec0-a6b6f02b420a,0.0
94d0e213-ec08-4cca-81de-bfd57371518c,0.0
94c78edb-8253-4b2f-8382-1cfade1e14e7,0.0
94ab4f57-13c2-481f-853c-f55f6efd338e,0.0
94949ac9-0b2e-44be-af40-228ba46a8796,0.0
9440ff31-a01e-4bbf-9527-7e924b8f10f2,0.0
9434567d-08a4-4fa2-8995-48c576492681,0.0
9433add5-f3b7-4c7d-95b3-493eaf76d100,0.0
941afff1-e740-4a28-8b13-ef9f893b0575,0.0
940ccdb4-ddbc-4658-adcf-3568c90c58e8,0.0
93e70b13-0df1-4877-b72f-473924e0ea62,0.0
258d4b29-0a69-416d-b0bf-0bc556096855,0.0
25656618-4639-4a09-9ba6-308ecfbccb30,0.0
25535a07-620b-4949-ae46-4040edd471d1,0.0
254fc9ef-c3dc-47b5-8115-468d4abc23d5,0.0
254e74cf-7f6c-4528-97cf-8e003bdcc9e6,0.0
254a78b8-601a-4433-877e-c2b568852191,0.0
25499703-e94b-4201-a191-0f1dba7fb542,0.0
2547e58c-bc38-499b-8076-53c9b602791a,0.0
251f0722-86cd-44d2-952f-333638c7096a,0.0
251a40b3-4b93-4488-b0fd-a576dfe95ed6,0.0
95c69efd-deb9-4e45-8158-7d4375129b13,0.0
95c3e3bd-a2c6-4422-8a7f-8e4925f3b6d0,0.0
95641b7b-284e-4ac6-b11a-54fb268db812,0.0
9557e437-a2f5-48e2-ac62-ea7689d4f006,0.0
9535d2ad-2599-49ec-8c53-373e4ca7a776,0.0
952a2acf-a665-484f-9ca3-e9d950f07067,0.0
975326fa-b64d-415e-8d66-4e63702eb3bd,0.0
975015a6-259f-422d-bb0d-b9239c7e0876,0.0
974ecc22-ec84-4bb4-9d96-0d00fae2279f,0.0
974351f7-c6f7-46b1-89c2-ea31203cf13b,0.0
972b567c-578f-4c15-9a3a-59bb86b0b697,0.0
9728cc91-6ff7-46b0-88a1-38c3a08608c3,0.0
971cf775-f5ef-4b68-8d92-938895f33cee,0.0
970792fc-d812-4726-acca-d2b94e7d6b6c,0.0
96ba027f-fa7a-419e-84a2-941295952328,0.0
96a85567-e10c-4974-bbf9-efd331818905,0.0
967b7771-fcd0-4666-8ad8-f77a05da89be,0.0
96631ba9-3ee5-412a-85c0-28a604b70b9c,0.0
965a2b5d-db64-4ddd-93f1-b8a7da8dd7d3,0.0
9621d931-fe74-42fa-9d4b-fac084d57f89,0.0
95e8a626-234e-4d56-82de-d3128c108458,0.0
25a0e206-cb30-4c40-8c43-aaf9877e0445,0.0
984cc270-3c15-4494-92e1-fa8494eea728,0.0
984b15d1-286b-4a8e-aee9-b064be4e82b1,0.0
984553ff-83b0-4539-9acf-1ed8475cd88b,0.0
9836b55c-4804-42c5-a996-a5563b928dbe,0.0
98265352-79dd-45b2-9b34-281040389dc7,0.0
980b71db-5200-46d8-8cec-82ad888ca755,0.0
97fcae31-dbd3-4770-b15b-e2dcd78664f7,0.0
97e3a5f9-80d5-4c85-94c0-193b733657e0,0.0
97db0faf-9e1f-48d4-911f-3e360b29c436,0.0
97d96f06-d2d8-4629-8dd7-fab5a37ea106,0.0
97d71a88-d3bd-41bd-9667-581054a9af39,0.0
97c6dfd2-ccf4-4d0f-ae9a-dfe323324d17,0.0
97bebb73-da44-4c81-828a-48346973e4ae,0.0
979be5ed-bc03-49b1-a92c-1f9ffb582c4d,0.0
977e6bb0-5fd5-43e4-8472-e64e9895ed40,0.0
975e4b8a-b60d-45ce-9087-67852aaff93e,0.0
987902f6-518d-4a47-bf60-7885b235aead,0.0
2513175a-1e27-4121-9a6a-3a33ceb936d0,0.0
25130dce-b5b5-4d98-960f-c28b8fb8c306,0.0
250d2152-277c-4db5-86fe-989a6879a570,0.0
25031840-5402-40f1-9fc9-657a503c11c1,0.0
24d386a8-d99c-4d22-9ebb-05356dc16ecf,0.0
24a1db86-4216-43a5-8047-50d11f9437dd,0.0
247ae035-3412-4ad7-bbe8-c9cbabfe7d79,0.0
2477d31f-6cae-47bb-9feb-54fdecbc099d,0.0
24588f71-ee17-4343-8d97-ea5c585c62de,0.0
242fd446-3ba0-49b1-aff2-21fd2da55e35,0.0
24222b5a-00bf-43db-ac9a-45529bf42ed0,0.0
241631ff-77b9-4bdf-989c-df2c2ba6f08b,0.0
23f64029-3308-418e-96c3-6d8a24dbfa89,0.0
986ae1e1-7346-49ad-a696-300e05d08a00,0.0
985e5fcc-fe9c-435a-aaff-a4e97b7666f8,0.0
99d90d34-14d0-44b0-af39-9a3ff1509683,0.0
99cfc787-8b18-4509-b8ef-8e13d09d2763,0.0
99ad6c71-6c25-49f4-845d-62165f02c9e6,0.0
99a672d7-a5a1-47aa-ad88-572a09d14f1b,0.0
99a513aa-eaf7-4313-b1dc-b7e72f12cecb,0.0
99a2d285-c864-49ad-8898-d5ae6ad9d855,0.0
9995c1e3-76ad-4150-a29c-9bcbc492ebac,0.0
99955230-edf1-43db-8017-d69f9662e705,0.0
99924d56-21f1-457c-ba3d-bb4322567196,0.0
9990dfe4-cde1-42c9-b759-37c194f6057c,0.0
997f0387-1dca-4cb1-ab05-9c027979e746,0.0
9974007c-8e07-4904-b062-6bfc70c958b1,0.0
99650fdf-0285-4de5-b082-fdf3b75f5550,0.0
99230f7d-5ee1-44f9-8239-2b31525b461d,0.0
991b9540-83b1-42b4-b57d-f894ea469109,0.0
9899d650-511a-4136-8663-b698cb572a3c,0.0
9aa49f23-2e19-4158-b376-797ca3e9360d,0.0
9a855673-9997-4a91-bb1c-0083906da7ae,0.0
9a846444-e0a8-4623-957e-56d22fd0d1ef,0.0
9a809a60-6c7f-4b60-851a-18aa968b54a4,0.0
9a7ca380-76cf-407e-ab07-d8515e414e73,0.0
9a776054-e212-4f71-8ebd-b8ad635072f9,0.0
9a6cac0c-e19b-42bf-9a12-c09808320495,0.0
9a4f5ccf-8b0f-41f6-bcd2-99c05746023e,0.0
9a40b6b6-ec3b-4586-8970-8e11d1640de4,0.0
9a0eb14c-ef82-4363-a13d-72afbe1fb176,0.0
9a082872-47b2-4e0d-9419-bf44e0d2cbe0,0.0
9a079081-b48b-4ace-86a6-c4f554b793fc,0.0
99f3a206-488d-4e0a-ac05-b0d29d93a39e,0.0
99f2a7d4-2e34-4f6d-bd73-0d5544016c1c,0.0
99eff86d-01d2-40af-b0cb-498bb4400970,0.0
9b1e8675-be9c-4270-928f-88ac55af4e31,0.0
9ae29d48-68a9-4391-b985-d947fd9a2bdd,0.0
238c7027-ec34-44f4-a1ad-921b4e741071,0.0
237f96ba-40ad-49ef-b9ab-bdaf0b6d5639,0.0
237b7f0a-b354-477f-a500-58c4770cbb68,0.0
2364bf17-b739-4607-8dda-6de6467cfa96,0.0
2360b332-8eb3-4048-a64a-69ac7f1b1a27,0.0
23600243-5fc4-4299-9ba5-4d5f0544cdc7,0.0
235e6658-9d2a-4e4b-bae6-da49cf27ff1e,0.0
235544ca-3cf4-49b4-b2d7-6f0db8dd3b6e,0.0
23466031-d91d-45b2-8d30-cb9644828f96,0.0
233b3c12-e368-4869-9340-f8a4271b025f,0.0
23164019-1376-49fa-9f3f-7e15d906c77b,0.0
9adc97ea-e798-494b-a658-461f3124d4a3,0.0
9acca050-943e-43f4-af1f-369e4f178c39,0.0
9c278bd5-f2bb-4e6f-bac8-6d86a24ae1d7,0.0
9c1eaa98-ddc9-443b-bf7b-99b96457feda,0.0
9c0eb4a1-7438-414c-9c91-66162c368756,0.0
9c0e2a59-e816-48d0-9211-4dc026afadbe,0.0
9be94dbc-1da6-4400-bfcd-e58c6993cdbe,0.0
9bd842f0-1cb7-47b0-894b-80e2bc1d6c3d,0.0
9bc4bf48-956b-46b8-8951-31f8c300a2d0,0.0
9b8613f6-ab5a-443c-83fa-086fc4b90bec,0.0
9b7f075a-1c63-4043-a631-8eee3e9b10f0,0.0
9b7ac52f-f280-43a0-8f11-27c066cc5883,0.0
9b6e7bce-e4be-4c99-a1b7-ad4adf1b04d0,0.0
9b64503a-ada0-4c5b-be38-b5360592dc07,0.0
9b54cf2f-a68f-418e-a45a-43ca7851a58c,0.0
9b400ebe-ca7d-489c-b84b-fc417bcf8359,0.0
9b33226b-40ae-4754-8620-78f5293a78ca,0.0
9cf45541-8d09-44c9-a8ab-aef9c55b09e7,0.0
9cf1b494-1733-490a-906b-038ae2e5b633,0.0
9cef353a-7ed6-4dda-bd42-059f63e2f814,0.0
9ced772c-b325-45f8-b0a9-e54af871b27a,0.0
9cec06c2-1466-4198-b7bc-210f2be6600e,0.0
9cd31bd6-fc82-47fe-9581-4dcce1c6ce77,0.0
9cba29b0-bfbd-4245-90c6-7a9435abdd13,0.0
9c9eb62f-7604-4855-bb99-3338a820140e,0.0
9c70b521-4d03-4aad-ae13-5be03aca137e,0.0
9c5d237d-1ad2-4113-8774-8057aba88272,0.0
9c51954d-efbb-4099-be9f-85b4f45f9f1c,0.0
9c4f023d-c284-4513-b3cd-9a26a7adceec,0.0
9c4415e2-5c13-4d4f-8874-172a9c17cd37,0.0
9c3f297c-d438-4a93-9ab2-a50823c6f866,0.0
9c39cc85-b5f9-4857-a97e-37a3ea90ae87,0.0
9c320a37-29f7-4463-9432-9fd608ad342f,0.0
9d1a1d3b-e14a-41c7-a163-a613f79ecf39,0.0
9d0a12c6-b6dd-4a6a-a21b-2c6d5d53fc5b,0.0
22fa1e79-7067-4e1c-82a0-e31ae5fb03a4,0.0
22f1280c-3e4a-4686-ae16-a9400c058305,0.0
22e51961-488d-457b-aa0b-007c9133f8c6,0.0
22d47dda-ed06-41bf-89c6-15f6cc7147fa,0.0
22ccd710-b8a3-4a3d-baa3-4ad31438e9e5,0.0
22a6ed73-7f51-4813-a95f-95b097f8edc1,0.0
22a60055-a83c-4e06-a490-9f794a21cbf8,0.0
22a092fd-5818-49e1-9b72-cbbc1d8480cd,0.0
226e2a74-1c2b-4e17-83d9-262ba6ed9c76,0.0
2254213a-3325-4233-8ad0-273fbe242c13,0.0
2253de61-eca4-42cf-8395-7a4b1ecf5bc6,0.0
9d01f0d1-8b7d-4114-80f2-7ff05fde1dcc,0.0
9cfab1ec-679b-48a0-af7f-8822879c3fdf,0.0
9e9b4274-e5ea-4417-afc4-2b4a409cc316,0.0
9e931eeb-6fd7-4937-a0b5-d0f37a3d8c75,0.0
9e8e2300-3b9a-47e4-81c6-92a4e2eb9d7a,0.0
9e5230bc-ca08-476f-a81b-96cbbb09933a,0.0
9e3a6a54-11c5-4a4a-89e7-270b2bbd8c91,0.0
9e388dcf-8395-48b8-b601-035eb90ad542,0.0
9e36b96e-4c82-4a7c-95b9-7eeb876a7c19,0.0
9e31f474-ddc9-4fc8-9450-fc4603950900,0.0
9e20c863-444c-424d-a39f-f320e917d9b3,0.0
9e14e04f-b851-4aaf-85e9-be3856687b0f,0.0
9dc5170f-858f-4de1-878c-ab07e91913f9,0.0
9da13ab6-21d1-432d-b1f9-18aa4f3a45e5,0.0
9d90f6f7-010c-46dc-bee6-e7ed67a72c28,0.0
9d5bcd8c-1e8e-407b-8d9b-e074a82a3ec9,0.0
9d589751-df0f-4e3c-aeb0-7a44ff34e566,0.0
9d49df4f-38a3-4c39-bcb1-f06f98408be7,0.0
9faa512c-aad1-4791-8d2e-04c7756c9b35,0.0
9f969c37-a82d-4ef7-9aeb-e18cb9287620,0.0
9f75eba9-c2c3-4ef9-b724-be3d0c8fead9,0.0
9f67f6a1-7c76-4752-8e90-6589ddb15ef5,0.0
9f6791e3-4764-4ca0-ba3b-eeb77d5eeb29,0.0
9f5dc188-d492-462f-8828-d684a744330e,0.0
9f58da74-5775-43cf-9819-43536fa05fb8,0.0
9f40fd63-58fe-426a-9de9-8ec173014f35,0.0
9f23681d-52e3-4ef9-8959-0be27d078cf8,0.0
9f1d8305-3c41-4623-aa83-c559ac149bb6,0.0
9f0714e9-a46a-4866-b8e4-e63b756fb83e,0.0
9f065809-aacb-4bf9-b499-32b47b00a9e2,0.0
9ef81075-079c-4783-9121-b8c2d9861596,0.0
9ed8d1cc-d78f-414e-9777-01085debcfab,0.0
9ec1519c-0779-444d-be22-794dcb8d594a,0.0
9eb07ec4-6d33-4239-9435-6170b35f5953,0.0
a127d8cc-3fb1-4124-9517-0cda6d03bcab,0.0
a124f661-7294-4b49-bd38-c9a3bb70a900,0.0
a0fe3c88-c196-4c03-a208-ca015661632f,0.0
a0f38d42-f275-444c-885f-a1f1cc0954ee,0.0
a0cad9a4-01dd-4690-8495-4f1741b67ad8,0.0
a0c2e34e-0244-483b-b7d3-b0280a7dc4fa,0.0
a0c08451-067b-4309-9840-2b7f4aa5ae64,0.0
a0bf457b-be9f-45c5-b07c-c655fc44c060,0.0
a0ab38df-1678-4908-9046-07a8e9fd6acd,0.0
a04349a0-861c-49a0-add9-7d4b53cdc83c,0.0
a038de8b-50e6-4216-9bab-41685164fa48,0.0
a013252a-8072-4895-9bd9-f7854abcbbfb,0.0
9fe26614-7b41-4358-94cf-057f37052282,0.0
9fb351ea-9e9e-4525-bafe-321c3b1be3e8,0.0
9faacfba-f0ab-4d14-8c9f-9aac7fb64e29,0.0
a1802c2d-3ef8-45d9-9de7-4ce77135b2d3,0.0
a16838be-a6eb-4b59-a3e4-fb901b0cbf6f,0.0
220f16a4-0a34-4c7e-baf6-812df56669af,0.0
22065a10-eecf-4bfc-ba11-91c16380b5c8,0.0
21fd35c4-83e1-4dfa-9ef0-bc1352fd3ab9,0.0
21dfc87f-e8bb-46b5-8a7f-ab25ef3f9aa2,0.0
21cff088-2def-467e-9a8b-1564adcdcd5d,0.0
21ace03b-d319-41bc-bed1-e4a28f11bf14,0.0
21a8c770-b54d-494a-bf20-4420612e69fb,0.0
21a08578-e234-4427-8506-39e4cdb858fd,0.0
219ea92b-38c2-4bb0-9c8f-e9e03963e9fe,0.0
219d33f8-483e-4204-9bed-f9901424caa1,0.0
2189458e-db54-4b5d-968f-a5dcaea5f696,0.0
21880daf-8794-43a4-8832-6c0108d938d9,0.0
2179117f-6558-4122-ab35-f6f77ed3603d,0.0
a138b42a-288a-4119-876d-b916eb5c506a,0.0
a2b0812a-6c8f-47e2-9be0-0b4455f9f706,0.0
a29af7d3-8e22-4a7f-9d1c-e974f56f71cc,0.0
a27d172b-775d-4ffd-9ac5-8c9d4d4966b1,0.0
a23a2344-68e6-42c3-8261-77b891a5f0f4,0.0
a2372fc6-0ca4-445d-97b7-afc97159934a,0.0
a22d09a1-d459-463d-8b18-8c3034fc6053,0.0
a2230ef7-938f-48a3-8e5e-25bc017e46b6,0.0
a2197ffd-67c1-4f8a-a456-9f3ceb413486,0.0
a1fa7ece-27cd-45c5-ad5f-874c716df3bf,0.0
a1fa6b01-12ba-4a0a-bd00-be43535d39f2,0.0
a1e6c4e9-1cfc-4896-a3e9-cfee33a51e6d,0.0
a1dcf317-7dc5-47d9-95d0-f56ed7c91d5f,0.0
a1bf176c-6834-4109-83e8-1b9fc7ff0379,0.0
a19eeed9-9f3f-434e-8fd5-6eed47821600,0.0
a18f13e7-4d19-4d5e-a70f-ce168601713e,0.0
a182c95a-a1ea-4683-96c8-333726097236,0.0
a39de9b3-c8c6-4a09-9853-ec5d1c86c33b,0.0
a39d9fc1-37bf-464f-8656-70c0041dc58d,0.0
a392aab6-72cf-4f63-a26d-b275f6bb90a7,0.0
a38c4dd6-bf8a-4809-bcdd-54964497d866,0.0
a368bb07-7e3f-4886-9ffd-65b16425f7cf,0.0
a362ea6b-b009-4c0e-8a64-db80f702f69d,0.0
a360266a-9a16-4ea1-90cb-fbeff4119689,0.0
a32fe7f6-52dd-4f04-be85-a5bce18570cf,0.0
a30434d9-9f47-4b30-8dcd-c06b71e11bb1,0.0
a2ff350a-3065-4a18-882b-3324877a647c,0.0
a2f7bebb-2c7e-48aa-87f6-4e1820726c47,0.0
a2e3531f-8cff-43d4-8722-9bd71b6d1096,0.0
feb5ae35-9943-4680-9b55-5e9d92500cd3,0.0
a2df59ed-2ded-4c1d-81ee-da8000c88f32,0.0
a2c30461-af45-4148-a008-5367a2d71505,0.0
a42a0860-3b96-42f4-a44b-3f09d29610c4,0.0
a4298fa8-2f15-4918-9e7d-4c000fd03f3a,0.0
a4235490-1914-4087-9f74-afce230a1575,0.0
a41e91d7-da3d-4ad8-9ffe-e32014699b83,0.0
a416d043-d0f9-4b35-b9dc-7d9273026469,0.0
a4028e95-9440-4d53-b056-bcb5e62d47ed,0.0
a3f7837d-486c-417b-a64e-cc8100aaa96b,0.0
a3e47949-1cc9-4912-97b4-6386735bd649,0.0
fedd654c-0cda-4ccf-8a79-77a742e8fdc0,0.0
a3d3e63a-4446-4b99-a08e-1bd52280291f,0.0
a3c36833-66e2-4a62-aaac-9cc297b38441,0.0
a3bf264e-f5f7-428f-bd9f-654435fa9699,0.0
a3b4b1c7-8401-4195-984b-7a1f2a12715d,0.0
a3af2630-2b3a-46fa-b993-ce8b99d93faa,0.0
a39f4365-d58e-4670-ae4b-d2fbfec9bef7,0.0
a39ed386-c7ed-4d9d-bf9b-864d6ea0f6ae,0.0
a4bf99e1-ff7f-4f3a-ade3-230bbf7754df,0.0
a4ba4936-7768-433f-92ea-4017eba56017,0.0
fe41595b-8704-41ee-8335-28f215b842fc,0.0
a4938ec4-40ad-4acd-a822-89dc1b8cb02d,0.0
0114009c-09b3-408e-a175-d74d6b3c05dd,0.0
216cc285-ed44-433e-ac9a-cde9e970821b,0.0
216bf335-bd6c-4092-9c62-9d30242627fa,0.0
2168b7aa-e98e-49dc-810a-a801f57b1176,0.0
2156ff20-f254-4cb4-9743-c5a336c41846,0.0
2146d9d2-9b00-45ba-99f5-9735eceee7e2,0.0
2132bdca-f88b-4b5e-935c-41e699c6cfc7,0.0
2131134d-f294-4de8-8b20-2450bef53f7f,0.0
2119e666-a476-4b4c-9c15-654a03e50a9b,0.0
2113c18b-b7f0-445d-a272-3d624635f79b,0.0
01e22118-d281-44c1-8bd4-586d9e2524ba,0.0
00232fb2-d0d4-44c0-b77e-e9fd46d5df2f,0.0
a5c369ce-9955-407e-8219-9fbb5c7eb27a,0.0
a5bf2675-ed4e-41cf-adaa-03c8cbbda9dd,0.0
a5bae8e3-c2f5-4016-ab6a-10fc0d9da309,0.0
a5b48d24-df43-417d-acef-e14aaae0feb3,0.0
a5b05362-ae1b-4c28-a00d-fbf2b940372a,0.0
a588b762-ac97-492a-bc4b-7d84579353d8,0.0
a57fe450-680d-467e-9c2b-ab6535836174,0.0
a57a19c7-9b72-4acc-bca6-2f3a9464632f,0.0
a570da92-4397-4f1b-b5a5-b6ef24689dac,0.0
a56ac763-d4f7-44fd-8b9c-e8c10c0494bb,0.0
a54d0980-ff11-408b-8450-a19e8a78ff1f,0.0
a52eaf19-167b-45b6-89cb-c8c07396fbfa,0.0
a51b4571-53c8-402e-9a0f-8c5f3bc3ec33,0.0
a5042202-a531-4ca2-b439-af8bc05c08cc,0.0
a4dd944a-f9d2-4381-a3a3-eb97cbcead77,0.0
a4c10678-2a11-4348-8288-821207a7a0ea,0.0
018e72cf-e01a-4ea9-9415-5bfe94d4f848,0.0
a5f14a37-01c7-4ef6-a414-afb6a3a4a119,0.0
20c1dd8d-2774-48ee-8ee8-b19ffc9ad483,0.0
20ade4d0-7702-4336-afb7-08c4bc453322,0.0
207ef9be-5bff-4150-9f06-1dc7af2f9a9b,0.0
202e135c-af48-4e15-98b9-0b1819960924,0.0
202cf129-07ad-4381-8d76-70c32083a89e,0.0
202475e9-b987-4007-bb50-9102e5c3b024,0.0
200ca3dc-4b34-485b-893c-72e62df5283d,0.0
1ff2e48b-18ea-461c-99d7-392da1989ce1,0.0
1ff2273c-0717-4740-9fc1-a59ab11d9fff,0.0
018c6b86-1474-459a-a56d-31f8be8812dc,0.0
a5f022b3-4c1b-4ba7-9d8d-57a5eede966e,0.0
a5daabd0-4d92-4cbb-8ee7-b7d79c3bc915,0.0
a5ccc564-3cb3-4c47-8e02-6668d9f2db06,0.0
a5c373ac-46c7-474c-8d8e-072b3299c428,0.0
a73045d1-eeab-4121-af5b-08f88e3ec7b3,0.0
a725cc13-89a8-4465-b734-a62f5775107b,0.0
a70d2501-668b-4de8-887c-359f680e3575,0.0
a6f1b83d-b2a9-44c6-bb80-f8bcd1b96fce,0.0
a6ee501d-c563-4230-9aa5-f8fb08a899d2,0.0
a6edea26-a1c8-48c5-b475-287599f3b07e,0.0
a6b59b23-8a36-4347-a90f-8fcb108f7a80,0.0
a69a05ca-88e6-4ef9-8359-81ee959d2e27,0.0
a6881264-5029-4f4d-b789-279f81f9069a,0.0
a67d5070-b365-4ef8-bfb1-8aa1ec252b89,0.0
a6790626-4826-428e-bb6e-88c48f02c96c,0.0
a6693299-9005-4bb3-aa7a-7923d51f8e46,0.0
a66371ea-49f0-404e-aa3f-d95f47cabf84,0.0
a64b5260-919e-4b91-8f4c-c987d055389f,0.0
a6434266-cd0a-4e9d-bbf8-512071538677,0.0
a61bdbd9-6ad1-4249-a9a4-a4d200f886c0,0.0
a8633f31-1d93-4c5d-960d-0012336a87d2,0.0
a84fcb35-569a-496c-8929-e66600258da3,0.0
a8322d59-d3fa-4de5-916e-d656a46ca606,0.0
a824f140-6a77-43ba-81b0-fa06cb0607f3,0.0
a823b9b4-6a6c-4ae2-8ac5-47a82d222447,0.0
a80caadf-1a8a-49ff-94bb-e93575956b2a,0.0
a7ffbc61-1746-4d02-84f1-101c4740a5ea,0.0
a7f1bfb9-5e57-4a58-a251-c1f2927b3ecd,0.0
a7da3a06-27d5-4929-8dbc-c919d937acde,0.0
a7d1478e-0e43-4c31-bb7f-8fa8ea74cf73,0.0
a7ca5c90-503f-4117-8a53-c03ff52d4b4a,0.0
a7c92589-3497-4a0d-853e-ea6d575ea4b5,0.0
a7c3d661-6ab2-48ee-987d-8082371dcd48,0.0
a77beecf-061f-4a14-9c75-f50801809f51,0.0
a7759bfe-0c3f-484d-9cc3-93756f589d46,0.0
a7451057-4a02-45e5-a748-214ef61d57fc,0.0
a8ad1d2d-6c50-4eca-acb0-20b867bc8c8a,0.0
a899db5e-2470-4fb7-b29b-35ceac7c6a4d,0.0
1fc9f2ab-aac1-4c46-b7b9-31046eb0e7ad,0.0
1fc82bf5-c10d-43cb-8d7f-e549aeb33950,0.0
1fb5b17e-0967-4e1d-8da1-2b788c5d6d92,0.0
1f970970-637f-4d09-81d9-6e7b33a56f1b,0.0
1f74ac12-de37-44ea-9ed3-99dae398a2ed,0.0
1f742974-ffe5-493e-b047-28dfc39c5c03,0.0
1f6a7c1a-2462-4191-9b59-dfb365ad882e,0.0
1f5b76dc-19e8-4f91-bc30-3d3e84423bfd,0.0
1f17826d-aab1-4462-8c88-70a21193ba3c,0.0
1f14830e-7dcf-4a1f-abef-6c9bb9be76e2,0.0
1f1472d0-9cba-43e8-be63-392f3b18d7f0,0.0
1f1012ec-7d5c-43ea-9df1-1406e33bc4d3,0.0
1f0dcb19-89ed-4347-af94-4cf0b6560993,0.0
a86cc594-0fc0-470c-85de-67b48a01d52c,0.0
a9b30df7-6722-4564-8282-37bee8f00cc2,0.0
a9b22195-2b2f-429f-a6f4-d2a27bad717c,0.0
a9681925-7f8f-4e0a-977b-dc962af85355,0.0
017fa0d9-787a-4bcd-9ed0-b7d39bab34b0,0.0
a9620ff7-815a-446d-b4f2-dfec01b45e7f,0.0
a954cf68-07fc-4253-8e7e-03be7aa79502,0.0
a93b8033-498a-46eb-8436-aa8e72fdfdad,0.0
a92c719b-d756-4d56-beb4-b83d38739863,0.0
a910ab42-6e64-43b7-805d-6ecefb713289,0.0
a90bea62-dea5-4e1c-96a4-358fc6958763,0.0
a8fea3b0-bce7-4c74-abeb-e526c33e61a6,0.0
016eb6af-0870-4750-af27-83a918004681,0.0
a8fc4a36-2c68-437b-b4f8-d4fa4aebb577,0.0
a8f4c139-8b52-454b-8f9e-0a075bb6038e,0.0
a8df4808-4dc4-4b2b-a2e1-57e7383ea5f2,0.0
a8bfef94-8917-4e57-8230-4ac2c69ad6da,0.0
aaafc596-95a3-4600-8570-6da82a8b0487,0.0
aa9e20f1-07a2-4c76-ae1e-64e9fd7be53a,0.0
aa865328-2f7f-4629-82e1-cafed454454c,0.0
aa7c086c-0843-4366-8235-3055d12c2366,0.0
aa4dd77c-11da-40ec-b912-5f62a2d29444,0.0
aa4b3070-34b8-4c39-8113-d2ed021a4ed0,0.0
aa365b4f-49b9-4443-96f2-3ff25366d23e,0.0
aa358a8e-3dfe-4984-8a5d-7bdfcd2e9be1,0.0
aa21d866-5d38-4e78-8418-39f8b47eee03,0.0
aa04cef5-db72-49c6-9d05-be8329a10dd9,0.0
a9e268ad-7f7c-47f0-a5e5-c30af2a899de,0.0
a9e180cf-c867-443d-838c-69fd97ee5de2,0.0
a9c99faf-d0e5-48ef-b2a8-261d7eaad964,0.0
a9c2e528-9060-45c4-b516-17dd8da88f20,0.0
a9ba649c-85e1-4cf3-8f6b-a2d8113e81d4,0.0
a9b3c0b2-1812-4fed-8479-36ddb9e661ef,0.0
ab0cb433-a260-43f9-9865-495f5eaac5fe,0.0
ab0b8435-39c7-4949-b414-d917f638cbca,0.0
ab00af28-f9db-4a29-bf8a-b92fb2d4fe64,0.0
1ef777d9-0ad6-42ff-ac36-c80d3ddc7158,0.0
1ee614ad-8d85-48c2-9e7f-61d8b5d177ce,0.0
0065e93b-4df7-418f-b580-c5ea79b7e14c,0.0
1ed4fb87-39f2-40ab-a2eb-0b75eae06f73,0.0
1ed400a9-db32-4f5c-acb6-702ac4acaa1a,0.0
1ec9f457-2193-4dfc-99fb-fe9a03ca44c0,0.0
1eacc19d-4cd9-4fc9-9320-6f4440050639,0.0
ff61bf95-3a29-48c1-ae40-3edf887de8e2,0.0
1e946a8b-8f5a-40ab-b8bc-3f94a5ac2ae7,0.0
1e82afc3-2ca3-4074-9f81-8bec7f00c048,0.0
1e55f632-b173-41b3-8216-dbf22f7f0810,0.0
aafacc41-b4ae-42dc-86d5-4862bc464e6e,0.0
aafab97b-8091-4fdf-a3ac-a3767bb83c14,0.0
ac25a790-4ddd-4b96-b00d-bd661b1e53c1,0.0
ac172775-1ec5-49b7-bd4a-f8de611dce30,0.0
ac09103e-5430-4383-b4e6-208d22289aa1,0.0
abf5949b-d01c-4364-b75c-1d23ee09deae,0.0
abe0252a-62e1-4419-9ff0-e2b2a03d430c,0.0
abd54137-b03a-4aa8-a3c9-778ae34cf2f2,0.0
abccd9d2-de92-4c9a-863f-b9a4753501cc,0.0
abcbd7bc-ccf8-45b0-b662-5c0df9d8c758,0.0
abb62113-e914-42ba-9dbe-92438799696f,0.0
abaccaf4-9a81-4016-8b65-6a8b9d3aa950,0.0
aba6a819-6db6-4a54-bf42-6ccdca2b97bc,0.0
ab8eac03-60c1-4b1a-80ee-180a4ae2b642,0.0
ab8bcef6-31a2-45e3-a1eb-da3216513093,0.0
ab64efb3-90b3-461f-b615-f26b5c9b9513,0.0
ab554398-0e3a-4805-8ba5-faf3edb2cb68,0.0
ab551344-e21b-4813-b108-2babb8adb30d,0.0
acf3beb4-1646-438a-a449-d5c7283f801b,0.0
ff60ab77-fc40-40f2-9e82-4476301d72cc,0.0
acc38606-aa29-4ad4-a3be-8873cd223159,0.0
acbc529d-e9dc-45ae-b400-3340e589b535,0.0
acb6db46-d75b-464e-88c8-6c192f49bd47,0.0
acaef178-ad95-46de-a071-803429b3a93b,0.0
acac52c6-b11d-4270-b52c-b0388aeef90f,0.0
aca9a784-2b4a-466f-81de-6922e2a89792,0.0
aca21b14-85a2-474f-acaa-970f78a571a1,0.0
ac9370ed-7cdf-4bf7-a34e-e83311a16014,0.0
ac8842a1-9298-4500-9afa-332daaf910c7,0.0
ac830324-52a7-484f-9657-5fdf405629aa,0.0
ac72a896-832d-4a87-8c3a-f6791f26dc3b,0.0
ac5e4e53-81f0-4c75-8262-73a3193971da,0.0
ac5c9c55-8ddf-4976-845f-49f6f9ff6c98,0.0
ac552132-8948-4520-9b35-c71baab3d42e,0.0
ad0f13ea-7623-4509-8f00-2ed9f60d076e,0.0
ad06f77c-1168-4e82-81fb-d2f6f718b0aa,0.0
ad003f5f-e452-4d1b-bc1f-77f5c4dab864,0.0
acfbcdfb-0502-4522-bc4c-d300f4cf926e,0.0
1e530f5b-0fd7-4f9a-8eac-898ba7ebe68e,0.0
1e49b12a-d5b5-42de-9c50-cd84f121bd75,0.0
1e2f666a-2caf-4f61-9897-0d97a12d498e,0.0
1e287851-b8bd-4fce-86f6-6cfeeaf6803a,0.0
1e28048b-56e6-4f5f-a6f5-20b8f711a078,0.0
1e1f9f1d-1e36-4c34-a5be-7eaf4f6a6078,0.0
1dd2bc77-5548-4718-b73e-276e9f44cd9a,0.0
1dcd7e7c-22d6-4988-884c-68c145951117,0.0
1db987c5-5eb5-4758-88c6-d1d3be2b7eb7,0.0
1da886d5-7158-4da3-ac77-9f1184490ce0,0.0
1d924013-7525-4384-9598-8263344ec827,0.0
1d8c2db4-388a-4d77-ab3d-45bfa65f0c1f,0.0
ae313478-ea03-480d-b2bd-24e52ed5c172,0.0
ae2a650b-450e-4cc7-8220-bf411bc6c529,0.0
ae137422-c80a-40a0-b213-d678cf4be2b4,0.0
ae12a71f-8723-44f5-89f2-3b715d890f13,0.0
ae0a2c4b-fcd4-498e-b794-6643d374d4e5,0.0
adfb2208-7b2a-4c02-abba-8e7262a5dce4,0.0
ad984b06-f779-4b2a-bac0-8de336235ac3,0.0
ad97379f-3684-4dc7-aa6c-ac835baa73c9,0.0
ff55e0f6-7e2a-4a21-b1b3-b4a66bd286e0,0.0
ad7bea85-d361-4e77-ad6f-086f594d977b,0.0
ad790116-a979-42da-b1cb-a6376f039ecc,0.0
ad733cf9-5d12-4824-905b-7036805e76b6,0.0
ad6f12c8-bd42-42ef-ad39-781f99c709ae,0.0
ad514f86-2d1a-43a9-9d98-a16044483c47,0.0
ad4fde2d-b273-46a5-b352-da5a06542672,0.0
ad1f9082-7c9a-46bd-9e70-03e3bef9af5b,0.0
1d6c1308-901a-410c-be34-5bfb60853b68,0.0
1d51a3b2-9092-459a-8a9b-205025bdddd4,0.0
1d502ed5-893b-4650-8b57-f67ac4933ebb,0.0
1d156ec6-0e9c-455e-88c0-3c22f0ece8de,0.0
1d014d33-06cd-4ab1-87c3-932faeecfb59,0.0
1cdf7353-2b7e-44a9-97fa-3669be381d08,0.0
1cd86440-3f70-45db-b3b0-e3287f098ac5,0.0
1cc5b64f-cfa4-4792-ac6a-3372a1636ff6,0.0
1cad421a-b85d-4477-8ea0-8cb8253e950e,0.0
1c6032ca-e39a-4106-98af-b94322ee89b4,0.0
ae701b9d-f498-4fc6-aa68-a31198f54ee7,0.0
ae668356-80e5-402e-90c0-3b4475bfee58,0.0
ff439dce-56e8-43df-a862-318034f23982,0.0
ae56340d-cafd-47a1-b3a4-ee8b8aa23d4d,0.0
ae3d1916-f6aa-4441-b6ec-e40af9453368,0.0
ae371eb8-17c2-47b4-b5bf-b11334f8bb2d,0.0
afc702a3-e30e-42c6-9ddf-658bdf434027,0.0
afb51738-9bf8-4daa-a374-a2505472e4bb,0.0
afaa7cf8-7195-4500-8c79-e77d2a5ca613,0.0
afaa5049-4eee-4e61-983e-2375555d8528,0.0
afa20c3c-ce99-471a-9e1b-87034105bbb6,0.0
af7168a9-754b-45f3-97ec-354becfb1c40,0.0
af55ce36-6b3c-4a3c-af71-216c8ba858ad,0.0
af32dac9-eab3-486f-914f-f2c5cc8a792a,0.0
af26ecbb-115d-431e-b8e9-1c483a054460,0.0
af24acfe-28c7-44d1-aca2-23b5ee706504,0.0
af1277d7-6565-478b-9e07-bd0e0fa868bb,0.0
aef3ed3e-484d-430f-b461-f00df67293c0,0.0
aed40f2a-da51-4ad9-ae48-5972a577ca74,0.0
ae7ce9d5-719d-4091-ba76-3bec04bf08a8,0.0
ae75c5c0-00e1-4721-8fa3-a828f2bdebcb,0.0
1d8b7dfc-2307-46e4-b311-25708fbc3f33,0.0
fe7fbd6a-3c23-4ff8-b721-936869918617,0.0
b05ea1ef-74a4-4ec2-b8dd-05ab0c96761a,0.0
b055750d-53f8-4d0c-b89a-daae4ee740d0,0.0
fe75f607-9ef9-481a-bd93-6f19339d258f,0.0
b03522aa-d41b-4e14-b71b-685e86d6d5a4,0.0
b024b8d2-d9b2-469d-bd03-385073f795c7,0.0
b02239e5-4341-4002-a44a-293f0c43986b,0.0
b008d562-c37f-411b-99ba-017842a203b9,0.0
affe0d9b-c759-47bb-8b62-a79c00f6c2b7,0.0
aff8ae11-e1ce-4585-9d00-2aec52d721c3,0.0
aff77bf3-2cd5-407f-8bff-72d12b7a9751,0.0
afe870c2-c3b9-40b0-93b0-203d321165c7,0.0
afe60679-1161-4b58-befe-eaaa4f2e68ac,0.0
afde7aff-8574-4f08-b7e0-1d2b60a93094,0.0
afdd9682-aa53-478a-b8b4-baebb8e6c1a5,0.0
afd4aaf6-2c30-4699-9ec1-75a35bfd73b6,0.0
b09ff022-e857-4189-9c64-d3856fdc6e22,0.0
b09b5d48-405a-43ac-b1fb-5e60eb423383,0.0
b08b825d-3dda-43e4-9060-7e0d724327e1,0.0
1c38dc6d-d9b2-4362-9f0d-7fcdf32873a3,0.0
1c2a6f77-568a-40e5-a2ed-a5f86122b6d4,0.0
1c29dcc1-bac8-4ceb-be07-83b3fac1753c,0.0
1c0fccd6-5e1c-4505-9df6-aea6299c31d8,0.0
1c080315-4a34-49eb-bb70-ff61c8063798,0.0
fe5d9c21-36c2-4d3f-9a57-d90726b43a4f,0.0
1bc0d390-cf92-4f60-8c72-640a94ba92ae,0.0
1baa911f-3bd2-4ac0-93c2-92bb0d1a04b5,0.0
1b791579-56c4-46b1-9d7f-696616470634,0.0
1b527301-f6c0-439f-81ae-b77ff7b749ca,0.0
1b37bd40-399d-47eb-b684-896e496f6571,0.0
1b32a8ce-0777-4a99-a10d-06a23090c449,0.0
b07aa7c6-4145-4a18-8433-125ae5b3ac76,0.0
b1bd389b-8622-4d3b-9db6-7ba434e5a2d8,0.0
b1bb9130-77c9-4455-9cd9-411726551d54,0.0
b1b3e4ab-c855-4dd9-b896-7c03946dc261,0.0
b1b2fe8b-5a6e-46ce-9cec-9ef75fc1a864,0.0
b199e08c-6bb0-4e0f-9900-476e571cc5d3,0.0
b17eabed-ff1d-4b82-b955-33e7eea7d73a,0.0
b1762a1e-9e3d-4493-b8aa-30993779e10e,0.0
b15d11ff-7121-4aba-9dc4-f1e7cb88e461,0.0
b13bec75-1c19-429c-8486-cbc2b039aabe,0.0
b12c66a9-5363-4736-a96a-aed4d9a671aa,0.0
b12477c3-0c42-4c92-a7ff-5f484623c863,0.0
b1140dcc-9843-46e4-ab5d-1d4f74952fce,0.0
b0de8980-67af-42ec-82c5-02dfdf75d555,0.0
b0d97e35-c012-4cf2-a10c-db74afc00f36,0.0
b0b23141-e158-4bfe-bc21-c3e1e2af1d19,0.0
b0b0016c-fd07-40ff-ad0f-8f24998d36f7,0.0
b2f44edf-371f-48a9-a2d1-0ec19121bea8,0.0
b2ec4f0c-94a4-42cf-b416-0c879b467900,0.0
b2e7e1be-3367-480f-a5e0-671d64fb7574,0.0
b2e08621-d7d3-4c60-85a5-985c68154b1b,0.0
b2b761a5-ab45-4fcd-93cc-1774d73dd943,0.0
b295537c-40a8-40d9-ac1d-d3b0d65efa31,0.0
b27fdf2e-4931-4925-bc61-9c6a427cca09,0.0
fe473e95-bd57-4a28-aaea-4d89ad742822,0.0
b2632a96-703f-4e95-90ca-ff5081763620,0.0
b251e7c1-b5eb-4f77-ad92-8ba407adb5e2,0.0
b22377fc-750a-46f9-9d4d-177a36556842,0.0
b20f2a89-d5b8-4cf8-8938-6055e831a8dd,0.0
b1f59811-7762-48e2-901d-98d78af1159f,0.0
b1ddfebe-cd1d-4d9d-81d5-497d1bd61812,0.0
b1d4bf3b-fd65-4a8f-b22d-7116b34bf50e,0.0
b1c5433b-91ce-4bb9-8243-47137059fe13,0.0
b2ffc7ad-0e07-4562-90d0-6b0337f35d37,0.0
1b289ea2-e085-4fb0-ac42-f952d6d5ad00,0.0
1b1d4d0a-4dab-4cfe-86b1-7d2ea454f080,0.0
1b0cc19c-5c12-486d-8fe4-67ad699cda7c,0.0
1afb14a0-4b7d-48d5-b7cf-311e2bf72987,0.0
1af693d0-b30d-4cad-acdf-29af383cb26a,0.0
1af5dcbc-4095-4d5e-9b7b-be9393f390a5,0.0
1aefd4fb-a907-4d8d-a150-c6a7940e2592,0.0
1ad83f1b-5904-4e7b-9c8c-53a6d3fa9498,0.0
1ab183ce-f9a0-40a3-9108-2c12fa35515d,0.0
1aa51a01-4fe0-4824-a9bc-d62e43c3cfb5,0.0
1a86858c-1cbd-4812-808d-8ca04a190941,0.0
1a7fd1af-8d95-409f-a552-7a0c6bc1b5d4,0.0
1a675dc6-f33c-42b5-b021-062d294277f3,0.0
1a6566fd-d617-4adc-a6ee-8c4063f9afd8,0.0
b2faddd4-697e-4ed7-aaf6-8b21a9d75e83,0.0
b4213da7-9b6f-4779-9e69-fa21cad59588,0.0
b41f08f7-335c-42bb-bded-2878fc34bd8a,0.0
b41035f5-8bd8-4069-94b9-170eb0de548d,0.0
b40a2992-fb1f-4dad-b335-b3d3863f6d91,0.0
fee5d919-6103-41d6-abd9-7cec1adbbf73,0.0
b3e822f4-9429-4380-8482-1650bc09da73,0.0
b3cd40b0-4f07-4b4e-abc0-3fba8af7dac8,0.0
b3c4fe4b-6fc8-493d-b1e6-438eac19aabd,0.0
b3b9ab39-04ac-4fec-8e1e-00aa11af4ab6,0.0
b36d2ab4-addf-4720-b846-b503469434d0,0.0
b36cd71e-9531-4830-8f37-da7976d217d4,0.0
b36ad64b-bdb1-4f47-8c82-954b23e0fbb2,0.0
b369fed0-a032-422b-b3ca-1149144ff2c8,0.0
b34869a8-203f-4126-9a8a-5e9be7daf434,0.0
425723db-55c0-47ba-8942-a687a08e05e2,0.0
b3145762-5f2e-4fe7-8bee-05346acde3d5,0.0
b53eec1b-2550-4059-b554-fb36393169d8,0.0
b5393a77-aefc-4175-a3f1-2ea98e07ac9e,0.0
b5315c44-4044-46a1-af42-9e4ba9d899f9,0.0
b52ffad2-d50f-4691-9882-1871a67d7320,0.0
b52b9c0d-e8f3-41c6-b8c7-fda7491bc13d,0.0
b5147c2b-6e49-4a9f-82ca-ca07987fb8cd,0.0
b5041e0b-87e7-45a3-a1d2-4d93fc09ae8d,0.0
b4cc2e46-84ea-4cfb-8c8f-6d1144df30b6,0.0
b4b6f86c-6bd0-4df5-9ac3-08a61fa60ad9,0.0
b480807a-85c1-47ce-b3bb-a137ef084f41,0.0
b467d728-49dd-4c99-9732-50a72e499184,0.0
b4636066-5676-4b81-a90e-8e7ffe4b5455,0.0
b45d4852-7f85-4711-bf8a-7ae3bd1c89e9,0.0
b43a208d-95e1-4bd2-b531-a99f4df01f36,0.0
b4351d12-55c5-481d-b176-4dc2c4643e0d,0.0
b42a9a3b-338c-4398-94a4-d640d6c758b8,0.0
b54de062-6238-430a-ab18-cc425b9de40e,0.0
b5437fd7-eb32-4807-8d32-4a1f03e79206,0.0
1a41e6c9-0939-4c32-aaca-c81cc378fdd2,0.0
1a3e4b59-7bfd-4848-a6eb-de41f35cae03,0.0
1a314c07-55e4-479e-bb85-8081c2e0dbb5,0.0
1a2e4ada-2028-4b6d-b7c4-6166bf887a12,0.0
424101f6-02fd-4921-8691-df2b6133525e,0.0
1a050894-d3f1-4470-92a3-9b05298880b9,0.0
19ecc406-2b4f-4fc0-9f2a-2321bb02a356,0.0
19dddc74-dacb-4690-8477-647000de146d,0.0
19d96fc5-78db-4997-a439-200ea89ba0ba,0.0
19cef0ee-315f-4f0a-acc4-94d816c44183,0.0
19caaec7-2c49-4198-a0d3-a04a68657939,0.0
19bf27ce-bccf-4e86-977a-3d1ae5723870,0.0
19a3148d-1550-41b4-9670-a5bdcd45a71d,0.0
199e876d-0d20-4aa8-88cc-3a0654720df8,0.0
b684327b-70f6-42e2-92dc-8037f07e8a00,0.0
b680fc21-e33c-43ba-a522-ca582da6ca67,0.0
b676698d-8fee-4398-acd0-a89322a7dc42,0.0
b65c3db2-cc8f-4c4e-ac3d-41972dc51c49,0.0
b65be2fa-ab53-4e04-b451-3c9fa4af2be5,0.0
b64b0d7a-f7e4-49b8-9d44-32eef801305c,0.0
b645dda7-85a3-4c48-ae96-824903b36b12,0.0
b63a33db-b59e-440b-9c49-313d0dbcb7e4,0.0
b6385f44-55a8-4efc-adb9-d54b95495a9f,0.0
b632e389-7834-43a0-8f28-407ed8028f8f,0.0
b5d77f41-8db1-4a62-ba4e-ce8d3f6e7541,0.0
b5d06411-5be6-4b1b-a99f-e07b4ffbaf69,0.0
b5cbc187-a9e8-4971-a3b7-c581dd086899,0.0
b5b60e7a-a8e8-4175-8483-d01ef7c92378,0.0
b5a0f270-279e-4c90-925d-1dd387fa8273,0.0
b58b8cd8-3f20-45c3-82cc-1b241849acb6,0.0
18f9f392-6940-42b3-a192-b486e591e81e,0.0
18f61e0c-5b39-48cd-b584-6dfa49718c5a,0.0
b78dae13-8865-418f-a097-dfd10f9dcfaf,0.0
b7756506-5b40-4a72-9ebf-43dfa09c97fe,0.0
b7480276-0e60-4f57-8084-bfe51234d0d5,0.0
b732bc58-7ae3-48f2-8790-b7460c340594,0.0
b71b6b89-edb5-463a-8a59-f53d783a5a5a,0.0
b7185da2-f0f1-4d15-b6dc-b8fbe7f1b3a4,0.0
b7110c40-a8d3-4701-b7c4-918b8757a7e7,0.0
b6ffb550-b2f3-4b28-8b99-72f946e90000,0.0
b6dbabd5-f75e-43d2-98b2-733884a31063,0.0
b6cf829c-f0ce-420b-843a-ed032ac614f8,0.0
b6ccdc7d-2d76-4f96-a016-f18e1c5524c0,0.0
b6be630a-ab75-45cc-b43d-6beb11a36f69,0.0
4231d8ac-df84-49a1-8709-cccf6d214258,0.0
b69347b6-be3e-4bb2-bc5f-c227b0110422,0.0
b7c0e8ba-fbd4-44ec-b471-03e2c5791ab3,0.0
b7b4c0c5-e323-45a2-b903-369defb57840,0.0
b7af5d82-b0c2-49f7-85f1-c5e0abd66046,0.0
196635c5-a02b-48a5-b3fc-3c8aef304ad6,0.0
195e1dc2-0efd-4f53-8729-173db9baf54a,0.0
19525e09-8119-4db6-af64-f2a171489ee3,0.0
193beb09-a121-4f0a-a09e-90b25f8968a4,0.0
19281016-6fd2-40b7-aad3-afd4744c10ac,0.0
192761f7-fedf-4ea7-a54f-38931aa234ef,0.0
1915e8d7-3731-48c7-889a-00fdc4c25aba,0.0
1915e073-2102-4ff0-990d-dbaad20ec418,0.0
1910b4f0-0be5-45c2-95d6-edf1c048671a,0.0
1909507b-d38c-4ec8-aa6a-07e8289df02f,0.0
1907f4b0-00ac-4aba-aba3-375908191e2b,0.0
190299b5-daa4-4c26-af6a-2a3496eb08db,0.0
18ff6c92-2356-4075-abb6-b2137e1662d8,0.0
b88aa1ae-6577-46a3-868d-100a636f1e6e,0.0
b8870412-b5c1-4287-8613-9065a8bff2d8,0.0
b87a39d9-978f-4562-8edd-c8dd9a961e91,0.0
b86602df-4f6a-4f46-8958-bb6ba14f8c46,0.0
b843cfdb-362f-4f2e-bb0f-aa5ece202b8c,0.0
b83bf990-0a15-4a8f-8cf2-e517a4ebb08b,0.0
b83a0186-d9d8-4dd6-8ad1-b90a66452197,0.0
b81679b5-1541-46ab-b51f-2f70358c3649,0.0
b7fa1f10-9f17-4671-8ba0-573971f2f15d,0.0
b7f3904b-5650-4096-89b0-c19ee11fc804,0.0
b7f32b65-6e74-4c52-b81e-2e17e0d02aff,0.0
b7f1ba2a-27d9-4df5-8197-81c6f652ccd2,0.0
b7e9867b-a23f-4712-a7e7-f0ade60ffea2,0.0
b7e5b69d-8e63-472e-b1ab-ec87f5eaf96c,0.0
b7dc1bac-ec07-472d-83b4-327e09629d54,0.0
b7c2c199-615f-4ae3-9514-4fbc82e2e41b,0.0
b9e8b7ac-21b5-4a0a-8e44-2b3ae1320670,0.0
b9dd524f-e218-4455-b019-30c6d5247618,0.0
b9c8b448-be39-46a4-a6f3-f05292bba10e,0.0
b96e543b-b069-4303-96cf-5bd104eba82f,0.0
b9604b2b-d0db-492c-940e-b9bec61359f2,0.0
b95917a7-787e-4a96-aad1-92878694f9b5,0.0
b9509b20-fe19-4d7d-b937-aef05a675286,0.0
b941c404-6fd7-4ed6-aa3e-27aff9cb3fe6,0.0
b932f887-676e-4ac3-bf63-cb7ca8df7694,0.0
b92e1623-ef64-498a-a47b-cd882a45a6bb,0.0
b90c3713-484b-4abf-8d85-9e519edb718b,0.0
b8f87d5a-373c-46d9-81fc-15ad8f8c5d43,0.0
b8d93e7a-4b68-45ec-9834-052e6f6dc54f,0.0
b8bf04a3-b454-43fc-9ac9-fb96bcdbb6c6,0.0
b8bafbfc-428a-4a2d-a763-950dad5cf627,0.0
b8b12f0c-d89b-4fb9-a45b-24f831c40eba,0.0
ba139b11-b86e-4c8c-9ce3-c4a56784a738,0.0
ba01ad2e-0728-4b9b-abc2-13091eb979a9,0.0
b9f35546-7687-4915-a4be-f8b7d04dbcfc,0.0
b9ecbcc2-cac0-4a38-b69f-1875c3af2392,0.0
18f42b16-2284-49ea-8340-348d54027def,0.0
18ece8c0-5241-4cd9-8069-d50b00279f19,0.0
18e56bde-9826-4f4c-8c71-9c47741ceeba,0.0
18d213c8-c4a6-4e16-85ed-cd9412022ab7,0.0
18c04917-ee88-4a7d-8d96-3b4dc61b8e78,0.0
18ae4406-850f-4fc6-b62c-5059fcb7d535,0.0
18a2060a-011d-46a4-a1d5-bec3f7729931,0.0
188b373d-bd2c-4b3c-b62a-76dc306f8b45,0.0
1889cfeb-42a1-4d98-9a57-c488dc7605cd,0.0
18646bdb-fd53-44f1-8ac5-e3216aa555f9,0.0
1861ac9a-fedd-400c-9b13-2f3602e5be6d,0.0
185c833f-0537-44e1-93e0-fa38e1e48217,0.0
bb057e6d-0be0-4991-b494-10ee34090474,0.0
bafe83e5-759d-441d-a585-4879aa064359,0.0
baed63b5-506a-44f6-8a29-f4e46a934dc5,0.0
bae29e29-ecfc-4ba4-bef5-9d20c495d7a8,0.0
bad76324-c34d-4344-8db2-90cc4dbbd3d9,0.0
bad3b26f-24f4-4a8a-a3ea-659bb33c32b5,0.0
bac1cf8e-05b0-4ebf-9d8a-2f7f52c0de2a,0.0
babd44e5-3b60-48c4-b40d-69a26b174bc1,0.0
babbca51-7332-45f6-9866-bf145f1a7d98,0.0
422ff103-37bd-4a89-92f1-0b5bea7ff7d4,0.0
ba6e5fb2-bfab-48e2-9053-fd04f6b08a05,0.0
ba585d1f-961e-44cf-acc0-6d93799e9c6d,0.0
4204a84f-e798-42a6-9a40-38c8c2c7ae04,0.0
ba41cdea-803b-4ad4-b324-01d68d78123b,0.0
ba2221c1-7857-417c-9715-57a4d1f40660,0.0
ba1cbe2d-3919-490d-b99a-90399f4b6490,0.0
17867463-4d12-4508-80a6-f4662baff9d8,0.0
bc45bc04-76aa-4146-8c89-162d2a37c890,0.0
bc385a61-2f84-4b43-acb7-1b03b5654771,0.0
bc29457a-b963-4af3-923b-6605a85b4c84,0.0
bc0d6bb8-92a2-48e1-8b5c-f07895b1f4e6,0.0
bc0b9fc2-5665-4af4-baa5-60655c1bd818,0.0
bbed1af7-b386-4a12-99d0-1a19d15e605b,0.0
bbde4b92-331e-40de-88d5-d7f019e52d21,0.0
41e5fa0f-0ae5-4ceb-8e6d-b76c9f425724,0.0
bba75b95-b123-4ff2-8ae5-7decbc1c6db8,0.0
bb9ea829-f570-4b48-a8ac-6d4921bc70bc,0.0
bb775f45-0fb3-433e-92d5-d7281e03b32e,0.0
bb3ba9be-34d0-4e8c-86e7-b729ca8acb45,0.0
bb38bb32-c0f7-4d1a-9d3e-26ccc4749c45,0.0
bb29dcef-276d-499a-9e9c-426203ba5970,0.0
bb22de60-d675-4917-a34f-a804ce683c1b,0.0
bc80d122-614b-4969-9530-ba00c0651e93,0.0
bc7bc0e5-e7e8-4b30-919f-a67e8bb1a018,0.0
bc6fff82-d070-4bea-9417-cf5a504cb3ed,0.0
bc4aafcd-3188-4bea-88e7-4ad7f772999a,0.0
18480725-41d6-41ac-abc8-2c52bc47a31f,0.0
183168f8-e69b-45cf-b597-50b31f2ab8a1,0.0
1825ad95-0ab4-4dce-b6a2-4ff47c14b74d,0.0
1813d275-742a-4e80-861b-7ca0071f76ea,0.0
1804d996-e897-4f28-afe7-f032a65e71e4,0.0
17ee011c-f487-4041-be08-b17561dd4e34,0.0
17c3123e-f12f-408f-8aaf-e1636c5b6505,0.0
17bbec34-b327-4876-aea5-97800f1a51ac,0.0
17b82366-fc6c-4ce6-b39e-1dddc5801989,0.0
17ac8c2a-8c5d-4b8d-b2df-fdc1b202f913,0.0
17a4a7ce-3e0f-4d06-b3ab-d916c8c59dc4,0.0
179031dd-1c87-43ac-94bf-f804274b0c83,0.0
bdec7dbf-cdfb-49b1-bd0f-b316af34d801,0.0
bde572a0-ef39-465a-821a-4a6175c40438,0.0
bdbcdf45-e3b6-45a2-aee9-1547a3ba3b1d,0.0
bdbb708b-6900-49cf-9179-d1d1870deb40,0.0
bdab1a7b-c9ab-4f44-a18b-825824ce2b17,0.0
bd8f9c2e-9617-482b-858b-bf43a6931a3e,0.0
bd87e3fe-7e72-4260-80e2-54b45ce9e62a,0.0
bd782247-aff4-41df-aca7-081a7188b1e7,0.0
bd6595a1-5e62-4752-9847-1a61ead6d1e3,0.0
bd37b7a1-b3e7-4037-9ee3-12149303fb7f,0.0
bcfc6203-fc8d-4ea7-b376-44cb3d7626f1,0.0
bce87413-14c0-4013-a01e-4ca130727a71,0.0
bce7da10-5ae3-4722-852d-29601f90526e,0.0
bce405ae-6615-4848-9635-06d73e574b8e,0.0
41e246b3-afba-4d32-8ac9-e87cc3b9954b,0.0
bc824ced-5e4d-4146-b91f-90d300281d43,0.0
be363e62-e4cf-4c78-af3d-c0b42de18fae,0.0
be3612db-1cf4-4340-8525-b459dc1a3a00,0.0
be358eab-756d-4e32-bf60-25d81610315a,0.0
be2fb0b1-2ad9-4186-9887-3fafeb25bbaf,0.0
176ed7ec-81aa-477d-98e5-164ac8b91169,0.0
1765df55-5277-473b-9c9d-24fcf0f933e1,0.0
1748351b-792a-400b-af7f-13b3286d4146,0.0
1733cb6b-a750-40b1-a5a3-079b497e6e05,0.0
41defb0e-2418-4372-8646-223e9d880fe7,0.0
170d8eff-d71d-4d91-b82d-a73b8434feff,0.0
16e9e237-94fc-4368-a7db-4c185684f3bd,0.0
16e4056f-1c38-4a6a-b1bc-6453c1d5f766,0.0
16de3a11-0d79-4eed-bb52-4ea89d743cc8,0.0
be128a25-7820-41cf-916c-b7cae6b7b7b9,0.0
bdf8a07a-fab4-4c96-856c-45e3d057f279,0.0
bdf3857c-229d-4b41-be70-dfd4d95baa77,0.0
16a4784e-7c09-4ac2-b5f7-4c6b423c658c,0.0
167c6405-397d-421d-9141-c12c65517a3a,0.0
166f21a1-c4a4-4196-a3aa-1c53aec43e12,0.0
165b6852-ea01-491d-96c6-4ad5db233895,0.0
1648f15f-be60-429e-af67-b878e3528aba,0.0
1635a615-fe84-4ab0-ace5-40299f4419de,0.0
1614d3af-7043-4119-9b45-b43ed3f564a7,0.0
160691dd-ec1c-4167-a12f-ce372934c935,0.0
beab576d-86fa-4773-b11e-3b033c0739ff,0.0
beab0afe-328d-43e3-a439-fd3ba861f317,0.0
beaa1ff0-2a26-4dd5-bb47-21b1418ce357,0.0
be96be52-0a45-4b72-bb8a-c8a9685570e2,0.0
be6f8633-970b-4fd0-b58f-db767899b7c3,0.0
be65ce1f-0118-4d94-8871-f19265552acb,0.0
be4c40cb-4cb1-453d-af2f-61d21697a75f,0.0
be4b1fcc-f099-4251-ab91-3fad98430714,0.0
bf81a09a-898a-4b9a-9a89-b87e27ecfb66,0.0
bf7fb126-a2d9-4e93-9f4d-bc5d652f9fc3,0.0
bf7eabb2-c1c3-4778-9b03-520ff24c5ff4,0.0
bf70bef9-2735-4268-91bf-cc1f38247c51,0.0
bf682e5a-9995-4d7d-8ca1-8622823358d8,0.0
bf540159-cfff-4da9-a0bc-2cd948d36129,0.0
bf514337-0b16-4151-a541-684d0a3c78ca,0.0
bf396ef7-7c75-444a-af90-475d99f9f3c2,0.0
bf35973f-0e30-4465-9705-5bae49050190,0.0
bf0c048d-84a3-4639-aa32-d93088722910,0.0
bf0393c3-b5d2-4fce-a3f7-5597cd088704,0.0
becf7096-d2cd-466d-984d-3126e00a8da2,0.0
beaef07d-1d36-4642-a786-1b4a4c572fc5,0.0
41ccd57a-2451-4f33-aa4c-53171f0f6fc2,0.0
16ad8012-7ddc-4ce7-bc65-c83e7dec3f6a,0.0
16a4e341-c0d3-443e-8b6e-cfd2be0eaa58,0.0
c0b1be10-9c97-4070-a0b2-bcc9c9f2862d,0.0
c0accb72-e6fa-4f0d-b0bb-3f9e9aad2e43,0.0
c0a27c9d-078e-4035-8b7c-39f53f16dc2b,0.0
c09da291-a22b-4557-b25f-07f3563f148e,0.0
c08802e6-83ed-4589-834f-46e7b3708710,0.0
c07dcdc8-817e-4272-a50c-b01cf5348df9,0.0
c066d0bf-908c-40bd-9817-170dd9a6d3ad,0.0
c05fd90b-3a24-4e24-b966-96c6fba5cd9d,0.0
c05116e0-e29a-44ba-ba6f-a9afbd1713ef,0.0
c04c8287-7d14-491f-ba49-eed48cb30bec,0.0
c030cbf9-296c-438c-9496-33537a59a856,0.0
bfeb6a74-2b33-48db-8e82-a050b30f0d15,0.0
bfdfc63b-db38-4224-807e-81d4edefc2c5,0.0
bfbb308d-56eb-4ae4-b7c1-bee37f73d368,0.0
bfb641e1-3e63-47ba-9f54-669f5b4118c0,0.0
bf95c15c-860e-4014-b120-f21f614a5604,0.0
c1c61127-0c44-48a3-a388-0788e7117f7a,0.0
c1c07704-37dc-4ca2-a256-2d8542622ffe,0.0
c194cca1-bb5c-42f1-8680-a04b67b7b3e3,0.0
c1939c70-fd59-4b50-adab-ff05001985ec,0.0
c18a3668-7833-4350-b484-8b0bbf5b80f4,0.0
c1823cfc-4694-4909-848c-cf65da6b4666,0.0
c1807380-c22d-4863-9fab-fbe9e1f96a9d,0.0
c167884c-5924-4831-a462-95bd1569e585,0.0
c166ad57-b355-4cbc-9678-22ae7f42d1b1,0.0
c15b324e-306b-48a9-b7e0-ebfa344d824f,0.0
c14d6e26-bd5c-4ef0-a780-2733ae410dfa,0.0
c1301ccf-665b-46e3-b096-5f2950528253,0.0
c120fb35-017e-4ff9-83b7-aa588c62d275,0.0
c1070433-2f2a-4c8d-9725-5fec306d407e,0.0
c0c342b7-56c2-43bd-90ff-587cfa7c8297,0.0
c0b4613e-910a-422b-80a2-ff2c871e2b27,0.0
c29d4fe1-c513-45de-81c6-5c84a454372e,0.0
c28b208f-0a14-4b66-8fcd-17c2ac7c352c,0.0
c27cbb40-a01b-4589-8f87-265c39326286,0.0
c24c3972-8099-4779-a927-8e7b7a4a95fc,0.0
c23cf245-dacc-45df-b32d-5aaacc5e98ec,0.0
c235c2db-5ff6-4195-ae8e-680a827e046c,0.0
c22c28cb-5aad-44ae-8817-99b062b0be40,0.0
c212dc41-49a6-4e9a-8b74-bc7dd25b7773,0.0
c203fe0a-b38b-4e27-aa42-e72b6b7a5191,0.0
c20357b4-44e9-4cf5-ab21-a428e8a3e966,0.0
c1f3017e-1dac-4ee4-8ba6-b0609fcbd575,0.0
c1ed2364-fca8-4c72-a101-5bf2f2e271de,0.0
c1e73956-e14d-41fd-b460-c9b7eccd7847,0.0
c1dbee04-d3f1-4dbe-8cc8-c2b47807a9dc,0.0
c1c999e4-605f-4f4c-8ba1-c0a1d76958c0,0.0
c1c93863-057f-4fe9-bea5-1e0c587f52e2,0.0
154959e7-895e-42bc-8ba2-25faed536f5f,0.0
1548f520-a192-4664-929d-9cd1420990fc,0.0
41ca0b7f-3681-41a7-aaaa-c5347bb38fbc,0.0
c35bc625-82de-47ef-976f-ffe1de707e5f,0.0
c3531842-425d-4820-b6dc-799f86b11e17,0.0
c3482f1c-9dbc-4c5f-b9ef-1870a43f32cb,0.0
c3236e85-3f0d-4516-8a10-dd600d96dfea,0.0
c3024376-6092-41d6-9f49-1a3b686ffd14,0.0
c30008ee-108a-441a-a18e-40a5da093b92,0.0
c2f3ac75-2847-4aff-afcb-ec85bb109a2f,0.0
c2e29aa2-eac6-4b54-8804-90007bb0f9d7,0.0
c2e162b4-77a1-4297-b713-ec472414cc57,0.0
c2dccc1a-1bb9-44b0-91ad-04c819a6d6d6,0.0
c2c7ed8e-1bef-462c-aa6f-c86f3a15f83b,0.0
c2b13355-1c84-457a-9f8f-529c39dc32db,0.0
c2ae387d-cd7d-4ce3-be27-dcb63f07fecb,0.0
c37eb499-c55c-44cc-9980-3297a852e801,0.0
c36d37da-90e4-49e9-8f55-a13966baf9d6,0.0
c36056ab-9d64-45b0-a314-67822184db21,0.0
15ddd5c7-fdeb-47df-9ad4-512cbac39a49,0.0
15d4856c-c1d1-4dc4-940e-04bbfb8f5955,0.0
15d2eda5-043c-4e4d-b045-de864b6e0f3d,0.0
15a65b12-bfaf-4219-a892-c2887c818ea9,0.0
15a39009-0676-4b79-9df6-dfc4cc945c5a,0.0
15994052-7ec1-4731-bbf8-318c9c6850ba,0.0
1599068f-2c62-49bb-8bdd-fdcd03f4453d,0.0
1589336b-b37f-4dd9-a77e-67caf1a6e643,0.0
157326a3-5782-4cbf-9e90-3678ce1aabf7,0.0
15688990-b847-446b-872b-60377b864c1d,0.0
155f7ce0-4cfb-4e75-9f36-d773329051e6,0.0
15580e2b-0dd5-425f-a8ab-8f4d744f61c6,0.0
15498af0-91b5-457a-9820-9d052398683e,0.0
c42e68e8-7495-4e16-96ee-1bf64e518e9e,0.0
c424f011-71dd-4dbd-a29e-4b841605b96d,0.0
c40f5e93-7f51-4078-9e17-9d120a849dac,0.0
c407b055-cc5e-4281-a6cf-304d12b2fe3c,0.0
c40453fe-7218-4d52-b19f-e7a5da386529,0.0
c3fe16aa-5b32-4c89-8f42-ddebde302227,0.0
c3fd9a84-ebe7-40fd-a128-e09900d2d227,0.0
c3ef25aa-c8da-490e-8cd7-323430b23283,0.0
c3e32e5a-02e1-4821-b074-a15f2dbf135b,0.0
41c7e654-c778-4537-9a36-53faa444b584,0.0
c3c2761c-dc0b-4050-8dc6-92c91da1b24f,0.0
c3c12894-e434-4be7-8ed7-2b623b36a46f,0.0
c3bcafe0-df29-4ee1-91a6-c759f68f3be9,0.0
c3a3a7e8-fb33-4c00-bb01-974ff61db4c2,0.0
c39c7e09-519c-4409-af94-18921ea47ff9,0.0
c39a098b-37ed-4263-80e1-0eaaa99fceec,0.0
c55b8237-5130-4b53-b9e3-4249fd68ee51,0.0
c541da25-fcd8-449f-a10a-fcf925599b09,0.0
c539446d-d32e-44e6-a3af-1c08e289f142,0.0
c521a8c5-6132-41ef-96ec-0c10036350ce,0.0
c5032cf5-e5dd-4133-bd98-43b3f5f594c2,0.0
c4f939d8-24dd-4fd0-a390-c98dee7d0b90,0.0
c4eb057b-41c9-40c2-a27e-584dc5946140,0.0
c4e19ff1-b0ec-4602-97e4-55c10bfc66c0,0.0
c4d364ad-8a74-45c0-9411-eb261b32e0ce,0.0
c4d0c5ad-b699-4522-81ae-ff1f673b53c7,0.0
c4aafedd-6fec-4f14-9c5a-12242699ed8e,0.0
c4a05a55-ab27-41b8-b1db-90a4adf258f8,0.0
c477eb98-01e0-42bd-825d-47bfe3a73699,0.0
c45ea908-a1fc-493f-8b62-c3daa0c2cdd7,0.0
c4566223-20f5-4ec9-b5bd-23298cff6583,0.0
c448a4fd-f498-46eb-9365-a1614f78836d,0.0
c5d840f0-0dcd-4c7c-87d6-764d1f702ef7,0.0
c5d5b934-9509-4a53-b7e7-aa34bbf5e505,0.0
1507faa5-aaa7-4f76-8229-ea48b979e63b,0.0
14f0d208-c74b-41c2-a87a-5918ff3dd5b9,0.0
14e1e023-279f-4e6a-810a-8a74dc7f094f,0.0
14ddb2e3-4c82-4061-991c-a6697100283e,0.0
14c46575-b3c3-43e9-b569-e10a278ff6cf,0.0
14baac5c-6c0b-40b6-90d0-bf9af35f3f82,0.0
14af390b-6ca8-46f1-b170-342ebaa32491,0.0
1499f903-f253-4c6b-aef5-36583f15b5d5,0.0
1498967f-d8cd-46ef-9c58-f24811526bb0,0.0
146748ab-8097-44e0-b7f5-f8009c992c1d,0.0
144d1949-3312-4960-8fe0-e9ace5f774a2,0.0
c5927bfa-f4ce-4ef0-8e28-a900f8a3c089,0.0
c58ee806-f8dc-49b0-ac22-1c1ca4329749,0.0
c5821fde-f3ff-4d7a-a65b-7abb577e829e,0.0
c6c2454c-19dd-4b24-9d86-959416d0a9c9,0.0
c6b3f0a8-461c-4e3a-a9c7-eba225482978,0.0
c6a986e1-80dc-4ed2-bf20-80f89d9aaa59,0.0
c67181e6-0d3e-4cd5-9bf4-42ce29fc8917,0.0
c659c32c-8d35-486f-b8ea-2fc2a1e16915,0.0
c65481d0-57a3-46ca-9d49-70e06eb4d7b4,0.0
c6439cc1-c261-426a-b5c3-474f726b74bf,0.0
c637f17d-c156-4212-a04d-2c1eb8573478,0.0
c622e378-fb9f-4a65-ac2c-a4044b94d18b,0.0
c622046f-62ce-4c03-9deb-14437fdcb4a5,0.0
c61133c1-28e1-4fe8-a58d-0941a7c8a165,0.0
c6100595-b131-44c2-88c7-3acca7a763d6,0.0
c605a2a2-efa2-4ba6-949b-06cb77f258f7,0.0
c5f1d1a6-a2ee-485b-8d1f-8f3d429e1743,0.0
c5ef5a99-db5d-4779-8d25-d1f862edc9dd,0.0
c5d9399a-6b3c-464d-8fca-a622e9f58436,0.0
c7ef9eb2-e78e-4df0-8728-63144cb5044c,0.0
c7e276a3-93bd-436b-93a6-e90396664392,0.0
c7d0565c-dd63-4f12-a15d-3fe51fa57c94,0.0
c7c348a9-d310-452c-bd07-92b5c3a09275,0.0
c7c2b096-98b2-477c-b07a-8481e14a7a06,0.0
c7b320d1-aa2f-4d3e-afba-bd2f1f1cc580,0.0
c799d88a-8857-4f4a-8673-8f021b146e3a,0.0
c78187d0-e78d-4c6c-a91b-d703d279fe60,0.0
c778cd7f-7936-46de-9844-80040531bca4,0.0
c733ec16-233b-451f-8e35-c479fb62a75d,0.0
c733d0b1-c0d1-4398-a8a5-1a29fbc37fb1,0.0
c72653c7-3eef-496e-8094-523c4d1c401b,0.0
c71c2cc5-b999-4956-a71e-7c48173db1dd,0.0
c6f942e5-f4c3-4111-ac20-138efb67d2f9,0.0
41c527ac-f239-4d56-9ba3-92315f0f2653,0.0
c6eaa0ac-2144-4ff9-85fb-4e8d375e70d9,0.0
c8511de6-4cb2-4196-acfd-3132675ac025,0.0
c84befc7-68cb-48dd-9d20-c8dd12018dda,0.0
c83e99a6-7a85-4adb-8635-ec33d9549424,0.0
c8381b70-67bc-42d7-89b2-daf61f80aa8b,0.0
144ac6e7-7ccd-447d-bd9d-a74eb6c8f0f8,0.0
1447c926-2c7b-43b4-aaaa-ae305612148c,0.0
144303e8-8f31-4552-b9a6-3a115e4fcd53,0.0
143f351e-b7e7-4bd5-a92a-ddc6b3852684,0.0
142a4ba4-5fb4-4bf9-96c0-db4198cbfb7a,0.0
14012ea1-93b0-4415-818e-411cb3bde8f4,0.0
13fb89cb-96a0-4a2a-8375-ead8488f85f4,0.0
13f1f28d-380d-4816-b686-d12e7d6ef270,0.0
13cdcbb9-5a4a-45ea-af03-bd3ed4cc6674,0.0
13be98ed-ad02-42cc-a471-286ca43fa0b4,0.0
13be741f-0da0-491a-ab9a-473c40556f9c,0.0
c7f7d89b-ee80-4d75-a784-07a69b66f114,0.0
137d2e4b-2408-4daa-a9e1-84346ea0f082,0.0
13759d17-085a-45f1-a01a-3ba41ad0abb9,0.0
1373e4d1-1fcf-4900-a668-b681f52cbd2f,0.0
1350afab-87b9-4567-afe8-0aff63654af8,0.0
1313a209-d30a-47dd-b3b9-18e67deef0c5,0.0
1303ed75-c7c8-4f27-82ec-3f350a2bdd1d,0.0
c8d616e6-c72c-4b97-bd88-a37b1f4c459b,0.0
c8cf453e-1831-4f2a-9090-1039723d76e7,0.0
c8c95c57-1546-4428-81e0-af1051ae8473,0.0
c8bded6c-eceb-4f18-ab79-619e731adff8,0.0
c88c75cd-4eae-41b7-9794-5006b08026ff,0.0
c887d0d5-d4c1-4f35-a78a-39b971abf028,0.0
c8842ac3-9a88-4705-91c2-4fdd0eb95dbb,0.0
c8647e2a-1047-47cd-82c7-83fd6cae7280,0.0
41bb76a5-0e02-4442-b8b5-c98757f3ad58,0.0
c856e189-fd5f-4a8b-88f2-c08aeec3deb7,0.0
ca456e88-a050-40f3-938b-34a322f28180,0.0
c9e6ca43-3c94-452a-a42a-6184a8d561ce,0.0
c9e25746-2781-4979-8652-e4b4d56bf404,0.0
c9bdc429-620c-4580-ac90-7759ede35801,0.0
c9bbf96d-f4d0-4d39-81c5-e9892eab3570,0.0
c9ba8f1e-5a45-422d-b318-6c926345735a,0.0
c99caf55-5e56-41b2-8544-a3cefb1a28c0,0.0
c97dba2f-66e7-4155-b500-a0b084edf060,0.0
c97b1a04-ab83-46ba-985f-886f783cc053,0.0
c96860e6-ad48-46a4-8540-5976102be851,0.0
c9586073-9f8b-422a-a55f-a9559a43df1b,0.0
c9456b58-7541-4ed1-90ef-552546a46a6f,0.0
c92c2d0f-e334-4683-9d8e-3d6dff328717,0.0
c8f01fef-20bd-45e6-b0f4-fc0775df76f5,0.0
13b83740-6869-4e06-beba-b077397e1ba1,0.0
13b63c3b-aa73-4aff-9406-4282c1b2eda5,0.0
126ba29a-68a7-4a69-bb20-460a6e28037a,0.0
cbe56c7d-da7a-47e2-a146-7f0eb6d3a791,0.0
cb9bccb0-47e6-44e4-9e1f-e3553f77967e,0.0
cb93e9de-49d3-4560-96c5-3af72c457a20,0.0
cb59aba6-0f59-40cf-b7e2-778cec5dea2e,0.0
cb5013ae-249b-4aef-925f-afaa7794fe85,0.0
cb25a123-044f-47fc-9c4f-50c45e74d6fe,0.0
cb20c964-6193-4f5b-88f8-f0427d2e01a6,0.0
cb04b94c-53ce-4f9f-905d-e2af1702b6ce,0.0
caf7c9a9-61f2-4d84-949f-b6b9b3dd1427,0.0
cacdaf5d-b075-439d-b32d-3edd794f0177,0.0
cacb86b6-01d0-4387-ae35-aeb5aec59b06,0.0
cac404f8-09c1-471e-bc09-77ab8176659d,0.0
cac20026-a2ab-4405-9dfa-ebe222f55e2f,0.0
ca78583c-890b-4f70-916a-775ca9830306,0.0
ca63507b-82c6-44b2-8677-72668007d3bd,0.0
cc20cf08-c9e1-45aa-892a-5349b0ddee16,0.0
cc10e482-af85-49b9-88e5-bf0d71e032b4,0.0
cbfe1ca7-8337-4fd6-a9cc-0c6bdec7ebe6,0.0
12ff4f36-4761-4084-a091-bb04cc99632e,0.0
12fb2902-d3d8-4b29-af20-4a541c573070,0.0
12e66a1c-092f-41ae-82be-594d64d3847f,0.0
12dd6fa9-305d-4900-ace1-d476a5f25d82,0.0
41b85e00-47e2-4701-9012-b094f9e507ba,0.0
12c0a5ee-3ab9-4b0d-b4f6-417b2c12f338,0.0
12b2cd79-9963-4126-8393-cb09e73b2b4e,0.0
12b2281f-8258-49cf-9fb0-7e33c1d22477,0.0
1297f3d9-7cac-42a5-9c8c-e68afb495907,0.0
12946552-e2f7-4b95-8ea3-2650e7979c55,0.0
128f3fa5-1793-492b-af0f-05d46bfe15fa,0.0
12780989-c275-4fb8-8349-6a6492519d1f,0.0
126ccb54-a901-4557-a689-de77a6a68303,0.0
12568291-a174-438f-ab88-05d7db4a008e,0.0
41b425d0-aff7-4285-80fd-1e8cd8b7b65a,0.0
12211dcb-bac3-4f3b-af01-92f83d7326b6,0.0
121c4490-f67f-4e5e-b3f3-f70b31fd7333,0.0
1212a212-da63-40e9-a0b9-400f63408f7c,0.0
120ebd6e-52f0-4b8c-9a10-d89303c294cc,0.0
12049a6c-5933-4205-9747-58310665ff20,0.0
11e9e03e-b978-4386-8c4f-70bc0754f026,0.0
119fc268-1f7c-41e0-95e4-f174dfbabece,0.0
ccb67c4b-9ea9-4cf9-97db-41c9c113fc8d,0.0
ccb410a0-07de-46c6-8d1e-a7d89458849c,0.0
ccae98b1-3af6-4186-979a-8e237bf565a9,0.0
0117a187-58d2-4d4f-8f3f-7219aef73091,0.0
cc65cc8d-731b-4323-80b0-315d0d4acfc1,0.0
cc569d96-84d8-4446-9a47-c91e3a6149b1,0.0
cc3abc57-7d89-47c7-acf1-a14a4216cc8b,0.0
cdfb8208-e97e-4b60-9676-5d22799eae5a,0.0
cdf43868-3f33-4728-903a-646c17c8878c,0.0
cddff8dd-6b3b-48a4-95a9-55e5807d66b7,0.0
cddf52b2-e2d1-4184-af08-1312e1f8a66e,0.0
cdd04afa-9849-42c8-b484-bd6a881c78be,0.0
cdb86412-8fcf-403b-9349-f08bcddc6cc5,0.0
cda6d5db-1487-40ec-aaa0-61a4b1c49bf7,0.0
cda58636-1838-4412-b4bf-af87b4654b20,0.0
cd85af4d-edd1-4ebd-a1d3-71416a8d5d4f,0.0
cd64b156-7609-43be-8f12-494baf4abf67,0.0
cd64500b-4249-4822-ac40-d54070fc0612,0.0
cd644a87-726a-4329-b3b2-095e4aaa2ddb,0.0
cd428142-a353-44c2-aad1-91de2f654419,0.0
cd162c27-4aee-4c55-8814-71bd9f8aeb8f,0.0
cd1116dd-a6dc-4fc0-8bd4-fd0350a0736e,0.0
ccd43936-8e70-4e0a-ad35-c70c162478d0,0.0
cf276de0-a542-4f8c-893b-a195041299f1,0.0
cf16dfec-1fcf-4c86-a582-27be4fdd3bee,0.0
cf03e77c-60e4-4b23-816d-afd8fcbf5d0c,0.0
ceedb75d-cb50-424f-9b6a-699e445babaf,0.0
ceeb48f5-6201-4519-8d88-183133d36abd,0.0
cec29b1b-78d2-469d-9557-d83878fa8b3a,0.0
cec245eb-0ea6-4df2-9cdc-56fd1c48686d,0.0
cec073f4-678f-4471-b613-54d2c5b3b5ac,0.0
ce946cdb-f4fe-4b97-a10c-684c927a1496,0.0
ce91b5cb-4c1f-4b9f-8612-4345dd100360,0.0
ce63540f-d191-4345-9c41-382ccc96ff29,0.0
ce604423-5c1b-47d0-b07d-2d75e824f9d9,0.0
43a191b6-94f0-408e-8f41-15aef4cda24a,0.0
ce1495b5-0cf7-45a8-a36f-3ab12ed01a4b,0.0
ce13c862-435c-4a06-b471-43889d55600a,0.0
ce0d8997-54f4-49ee-b64d-d8b717c5fbd3,0.0
109bc0b5-2466-4db0-8ea2-da163b2a49a7,0.0
d0118057-24fe-4655-b375-8e6bc25400cc,0.0
cff79eb1-fc47-45d5-9cf3-7cd3c7001645,0.0
cfdff95b-d07e-4594-be06-df4ce0900b12,0.0
cfbef63c-55cb-4f28-986e-48e45772ac70,0.0
cfaa66b6-f3a1-470e-80f8-e986aeb7c490,0.0
cf9b4cc5-89e7-4d56-b110-b3820cc00be9,0.0
cf98a13c-ce68-4829-8233-2cf6d9ce3667,0.0
cf9110e6-2231-427e-8930-27ef11652442,0.0
cf788893-dc73-41c0-93e7-9adda7025a06,0.0
cf67be93-6597-4038-9fe8-73f6afc8489d,0.0
cf5bac68-c589-466e-8be9-2f717beb9e68,0.0
cf46cdc9-13df-4bc0-82b2-f790fd6a465c,0.0
cf421025-bcf2-4f31-95f6-88d254578b5b,0.0
cf326ead-a110-4338-8e12-f20b94df3150,0.0
cf3233ea-16ad-4fdd-b9ce-052245c5fc4f,0.0
d0970dd7-7943-4bfc-b566-6d73fc449120,0.0
d07f28b5-0b17-4103-855c-055efadd8575,0.0
d06f9d49-46c6-4628-a6da-5bdf387dcb93,0.0
d0504540-840d-48f0-9eda-c22beb677f52,0.0
113aa14f-c115-45fe-9897-3e826018cc95,0.0
11338e39-172f-41f0-aa3e-2723d912d077,0.0
11338671-873e-49c9-a8ce-a9715c778901,0.0
112cdafb-af18-4e7a-b28b-ca2f8484d83f,0.0
111d13cb-81d1-4987-aabc-6c0455f3c0e8,0.0
1119cc1e-f77e-4b4f-8138-b8959814c01a,0.0
10da73e0-a6cf-45b2-9922-ce8c0511a127,0.0
10d32a3f-a0d5-4e2a-87ec-79eb6dd424d1,0.0
10cc965e-c662-4bea-9000-bdf9f964a532,0.0
10b5e455-7cbb-45b4-ae7a-63fbce4a2adf,0.0
10a67163-588b-4157-b4cc-c0f17cc79c11,0.0
109fee41-8fea-422e-96fc-5e01e571f73f,0.0
d136899a-4db4-4478-ab5c-2f3d6d18a54e,0.0
d12c489f-1629-4e9b-bf7f-5bed51161c7d,0.0
d11d9681-4246-407e-b2e5-f71c88dbb562,0.0
43a14e16-ba05-4d9f-9aee-464383961a2f,0.0
d1174465-1ed8-4eab-a116-070e625f2052,0.0
d10847c6-f447-46cd-be1f-f6a329dec9ad,0.0
d0f47139-8c54-4b58-aaba-62736ee44215,0.0
d0f1ed13-4b5c-46f1-97e9-fff2884c7505,0.0
d0eb5fa9-28ec-4960-8a90-3d052ea85d9c,0.0
d0dece70-f4a9-4a45-9b7c-ae66e817ff88,0.0
d0d95475-7eb3-4e26-a366-43f5996a749f,0.0
d0d2a849-8527-4d00-8d44-02693a3ee16b,0.0
d0cc0c57-a8f0-4ea5-a11b-4c901496f73e,0.0
d0c85f8a-e623-41bc-9039-ebd8aef46c92,0.0
d0b8a159-66be-4577-9ba5-0d1de9279258,0.0
d0ae153e-b615-4a6d-a69d-2895c04d24f9,0.0
d1eb1f32-e035-492c-8af9-971197f851eb,0.0
43550e82-4639-4bd5-bfb3-8020dd35eb16,0.0
d1c59b83-0e93-4051-8762-9d75815c9632,0.0
d1c4ee06-990b-4c73-ad3f-093baa2de3db,0.0
d1c395be-1311-475f-8c5c-297332a98f18,0.0
d1b4083b-6d38-4bf1-8281-4d5f9596ea94,0.0
d1aa64c7-c100-4c4c-b27f-a3c9a9708488,0.0
d1a385bc-4773-4658-96fa-69803460beeb,0.0
d1976c7b-26bb-4f7b-8777-3ada0923abd7,0.0
d196c4ee-9cff-4128-b255-0d9907cb73ee,0.0
d181d99c-6ade-46e2-98c7-9cdac0d3281b,0.0
d1803e4f-6428-40c3-9b5d-87ed7f82de16,0.0
d17e91e7-bd5c-46f7-93c4-69367157dc69,0.0
d1726bf7-cfcc-4253-87fb-9a24d1dad65a,0.0
d1564811-76fb-48b4-8c82-b47e3fa658ae,0.0
d1402a61-29cf-424c-a334-cc6799862f04,0.0
d2a552d2-6f80-4cd5-911c-87cf953ac89c,0.0
d2980ffb-8e51-4491-90bf-cad16fe58fc0,0.0
43485d44-b279-4461-88c0-24fdadcf5a83,0.0
d2825b20-8342-4224-9199-de0397be4014,0.0
d270c1cb-4408-42a8-abe6-9c5daf4be534,0.0
d268269b-46a2-489b-ac20-6d1d277bbde8,0.0
d25a2acd-c847-43e0-b37a-719e6b4c6ba5,0.0
d2594f92-472c-4eb4-998b-61307d7bd9bb,0.0
d23f2a4b-0f86-46d7-b26a-ab7874b312a6,0.0
d234b35d-5f62-4676-9f3e-caec53d25f0f,0.0
d22c4180-741d-4080-acb7-ad26e8770e84,0.0
d225b5e6-3145-479c-800d-b3fcb450a956,0.0
d2225981-96f6-4e43-a005-14e4cd1fc795,0.0
d216ab7a-777e-4599-9f1f-cedaf1f73575,0.0
d2060ae8-1675-48c4-8cd2-55f8ee717203,0.0
d1fe19c4-af9d-4cf7-9032-043352a3ee68,0.0
d324ca8f-62fb-40f7-8651-a70bbac737fe,0.0
108abfe0-1ab9-4597-92b2-7807bf3cfc7d,0.0
4335acc8-3cb5-47c1-b72f-b0bdbe871b32,0.0
43285d86-f68c-4a35-b4c3-0591a5918ce6,0.0
102d5350-b7f0-4b37-903a-e05a9718186d,0.0
10011d43-4b37-4807-a7ba-b3075c39c169,0.0
0ff8344e-6089-492f-8a59-d0f2aa135712,0.0
0ff60ff2-bcdb-42e7-b6fe-ac02eb54fab9,0.0
0fd92734-207c-4c35-bdce-f4efaf7edc11,0.0
0fd7ff88-929b-4380-9583-3ab2ac810132,0.0
0fc9b33b-9a96-4fa7-8a07-4b9ffa474f66,0.0
0faddc63-3ee9-46f8-9482-60f033f8fbbc,0.0
d30f9cf9-ef28-4335-b8d1-5bc05f8816b3,0.0
d2fc5249-eca9-425d-a5c2-c75b12752cdd,0.0
d2bc622f-7c5e-4540-b5e5-35efa756af5a,0.0
d2b0e60b-1040-43cc-8849-4c0f8f969e41,0.0
d437b141-516b-4feb-943a-45f8b49c47cc,0.0
d42d0e86-78d6-4914-b2b5-c033f112eb53,0.0
d42742bd-8743-4490-8dda-f1b5e3bc7d16,0.0
d40a13d7-6b63-4092-b752-b9269b96d7ea,0.0
d3f5c30d-2381-424f-853e-66f6a408b2a1,0.0
d3defb23-3d55-4236-b08b-b55cf8f970ae,0.0
431275e0-359c-45ce-914a-3a921e4f27fc,0.0
d3b9df3c-73fe-4a64-a42b-7adbb14aee40,0.0
d3a9d65f-8d9c-43ff-87bf-53ea2764dc8e,0.0
d3934891-eb71-405d-b167-d577011a8253,0.0
d377b986-42b0-43f8-bb57-062a972b23c4,0.0
d3752a70-1536-4426-a56d-9894f88730d2,0.0
d368ae74-3258-4c55-bda3-7101a06bf5b7,0.0
d3397954-8b27-42dc-af7f-d122c97a092c,0.0
d337700f-ab2e-4855-bfce-3397de2271cf,0.0
d3295f60-19a9-4d2f-b1fd-48ca805518b4,0.0
d55cc94f-7b76-41cc-8aa9-ae64ec277837,0.0
d54b4400-5de4-4106-8255-af4922e772e0,0.0
d53e0054-a889-4368-90b2-fa45c391b422,0.0
d5353452-7b77-4c82-82f0-2a94a08beab7,0.0
4307210b-e62f-465f-822e-9459b9a95601,0.0
d5001869-61d8-4b5e-ab92-d0849c6f195c,0.0
d4dc3406-8001-4f3c-b14f-78ae3e91507d,0.0
42db9070-7be9-41c2-a9b9-881a34ff89c9,0.0
d4d50979-0b4b-4354-ad07-db17225f31cd,0.0
42b9b917-7aca-49b1-9620-fb2d0f1f55dc,0.0
d4ce7a42-3272-4570-8903-f3633835701e,0.0
d4b81603-6504-4a24-b9e4-f6a29302b290,0.0
d4addb3f-ae4b-4218-8323-d51044fcdaed,0.0
d478856c-5015-46a3-b39c-baa88bbf84a3,0.0
d4755f98-73b5-435c-8934-64132f955b2f,0.0
42a1e6a7-3816-4e7f-ba5e-27504c09e96c,0.0
d5af38c9-c357-4f7c-bc07-e9f145008630,0.0
d5aa1bbb-e3b7-43b5-9ba5-fa9e216f8c0e,0.0
d58cf6bb-2c80-4d48-9561-fb9487787b28,0.0
0fac34f8-6c79-46a9-a026-2e27d6b71c37,0.0
429bc1aa-2107-4767-a163-722cfefbd29d,0.0
427f120c-d235-4674-b179-da6cd590e3d3,0.0
42765fb9-2b7c-4fc9-886f-dc06cebbe430,0.0
0f6b3341-000c-4f73-9475-0728d83c40b8,0.0
0f6a65bc-6765-40f2-8e84-ad99eb277976,0.0
0f602199-be66-474e-83c6-1f0d7050742e,0.0
0efaf72f-397d-450a-946a-59d2d2673938,0.0
0ef28980-877c-4e9f-bc93-97f374d4feed,0.0
0ef06f31-9cd6-4315-b1a5-1ef1bcc24571,0.0
0ee89ab2-4195-452f-b176-c40e0c4846ea,0.0
0ecec2a7-6633-4e67-aabe-889b988dca11,0.0
0ea74336-5937-4d2a-be21-0abc9a2cd3b7,0.0
d736f46f-370a-46ab-910a-d551288db79b,0.0
d7007c30-6cae-40ea-a401-3b359191c737,0.0
d6edcbe1-7f75-4636-851f-f4b4d6402956,0.0
d6c505e0-9ea1-4444-a9b0-711d044e3dbc,0.0
d6c3298d-0310-4d45-a1f2-e97feaeeb9c1,0.0
d6c09f26-5ae2-467f-9379-d57328b0caab,0.0
d6a1fc44-5f6c-4123-9a5b-446b5f3a86e3,0.0
d6a189dc-235e-45e3-98cf-f664642c3d53,0.0
d6965761-3bfa-4baa-98d0-b87117c98e1e,0.0
d68ede29-6cec-4663-9885-8ddaad179394,0.0
d679b2b1-7235-4490-a8fa-6e337ab827c6,0.0
d6508820-b5c2-4dad-bebb-d54ebb433860,0.0
d6286c85-b849-4fcc-9916-60130be99d50,0.0
d6094cd0-8283-48ef-bfa7-06c0da2534d6,0.0
d5d1e4cb-6281-443f-8680-59ed5aeb5688,0.0
d5b653d0-4632-4569-9f44-1504d073c427,0.0
d80daf7c-3c88-483f-832e-d0b2cbd3dd1b,0.0
d805c752-d8d4-48b5-9000-530b49aa6bac,0.0
d7e1e938-4326-4494-a30c-30a988806174,0.0
d7da4051-57b6-44dd-ba29-717e8400a366,0.0
d7d48765-2167-4a26-af39-15de7ba26622,0.0
d7cbc7e8-c8aa-4cce-9f06-c898835a067e,0.0
d7c7d43e-07a2-4e79-906a-285b93d2462c,0.0
d7b37b53-e02e-49b2-85fb-fb7d131f4794,0.0
d7a37c95-9884-4ea6-94c0-faed09759e27,0.0
d797b703-33a9-4b3c-b2d5-527f1133e2ad,0.0
d797420c-6e5f-48f4-a75c-c1b733dc057e,0.0
d75aff48-c771-4382-bd21-14a9ab4eb0d8,0.0
d75aa5f1-ca38-44b1-9e78-1b1e92654e0b,0.0
d75a8da2-110a-4c6e-9c72-e9277db8bdbc,0.0
d74f5bdf-4e60-4681-b19a-54920d04679a,0.0
d7445ab3-4cad-4b6a-9ec0-7df7f80c585d,0.0
d84bf6af-4b9d-4724-a1f6-07e9f2afba81,0.0
d840859b-55b1-4243-94f0-d9acef2b4c57,0.0
0e69d024-b2c3-4bbe-ab12-22ac590dc427,0.0
0e53c7b2-6c86-40e1-a6d0-1f67c4697d76,0.0
0e53c698-c7ed-4ac6-b63d-c764f8e66f96,0.0
0e3d89c2-8e1f-476d-92dc-fdd95b6b203d,0.0
0e34b85d-4bce-47c9-8962-4e257cec50c6,0.0
0e13c9ce-2ec5-41a7-9e70-bf510209a392,0.0
0e12e61f-b89d-45b6-b726-1dcf34325c7f,0.0
0dcb8766-523b-4800-84fe-05f1ae3dcc12,0.0
0dc8be24-2d06-4338-9b5a-dd2b60bf2159,0.0
0dc6859c-09e5-4993-968b-198b7aa57f2f,0.0
0da524c5-e159-4946-a02b-3d877b5b3a5c,0.0
d832f55c-4f6b-48f8-b26b-516f4c82b3a3,0.0
d823e94f-ef10-4483-bc6a-1300afc3da05,0.0
d81c6902-abac-4106-9a21-d07ca1bb9bce,0.0
d95579a4-a6ac-4abc-bdd8-497db7efc093,0.0
d938e949-73fc-465a-8f65-35e65a2cd67c,0.0
d934a2b5-955b-4b3a-8086-cbfb4d8509a5,0.0
d915b67c-da35-4459-a273-b1db35db45eb,0.0
d8f592d2-faae-471f-b502-3be6bfb745df,0.0
d8f32047-8a95-410c-9fad-6dc42f4b2e7e,0.0
d8ef44f5-34d7-4614-8513-ed785cf23330,0.0
d8a42351-80db-4c3a-aef5-8bec040c55b7,0.0
d8a3cd20-a9a7-4a65-b3ce-ae2b8969358b,0.0
d89afe2f-6f50-43a4-a962-d3e3c4d66b7d,0.0
d895dc88-2acb-49d6-8c93-6ad9c00fc8a2,0.0
d89516e5-3d13-456f-bfca-dbd856ed341a,0.0
d86dd52e-7fab-4e40-bab3-e2fd37b865bd,0.0
d86dc038-794a-4687-9248-4bf3c52596dd,0.0
4053a40c-8940-4317-bf3d-3797af1bb73d,0.0
d859ab0d-9c51-47a9-aef6-258b9b39288a,0.0
da289898-2b7f-41f3-acb2-df11b8f55044,0.0
da0053aa-72eb-41ed-a133-713e2c38e357,0.0
d9feb33f-36a9-47b0-a8cd-c4e09774903d,0.0
d9f77b6f-03f6-45fe-b2fd-21b41ef0c402,0.0
d9ef00c3-ada1-4142-816b-811675a28692,0.0
d9e86789-6441-4843-9e4b-302187e2d95c,0.0
d9d4b1ef-6706-4f86-8666-e6cbb8337713,0.0
d9d05445-27cc-41c5-bc2e-cccb2eff2f1e,0.0
44ac061f-a9be-4fa5-91ab-257c65f62ae4,0.0
d9b49d7a-c6a4-407a-9dcf-b1a13e6e5be1,0.0
d9b0b136-7b46-4d4b-8363-da2023c17542,0.0
d9af449f-9939-4c1c-b6b4-87f554762f8a,0.0
d99d16ab-cca7-432e-b236-d0aca913e51a,0.0
d9990555-60b0-4647-acfc-d9e1a1b5a35b,0.0
4489a4c2-be67-4bf4-87ce-2e6f92d9e516,0.0
d961320d-ce22-4474-9e09-c4d7a8617a14,0.0
dafea475-4114-4b24-b96a-e449cf1cc7a4,0.0
dafa6662-9c6d-478a-93e9-0177ae181a4a,0.0
446b3197-a3bb-47bf-a1bd-922eb1e43f50,0.0
dae5b8f6-89ac-4081-99dc-9676be3f3ee9,0.0
dad45919-749f-415e-8bd5-ca8c271cdf0b,0.0
dacce95b-1168-4521-ba25-7f6ccaefef8e,0.0
dac5cc71-c72a-4164-8867-1a12d63fe9c9,0.0
dab4049d-e09e-42de-9a9a-4a7e06d3256d,0.0
dab2cb95-effc-433d-9375-1470aeb3d781,0.0
daad3898-c2c6-4441-8c44-99852cb49f26,0.0
daa6f5f4-b6d2-47ab-971f-8e1982f8350e,0.0
daa45c91-88c1-4b14-a8bb-25ea70915992,0.0
da9dcc5e-4947-4350-83b9-6a609470e453,0.0
da68a314-b8ad-4af4-929a-3aede163655f,0.0
da5e3d69-bc57-48e1-bfd8-b2d1307761a5,0.0
da5674b4-6a4a-4de4-b26f-e7c615b7144a,0.0
db435b8e-d4e1-4296-9fe3-9ee138ef1a5a,0.0
db247f60-769c-43a0-b320-c7421890b746,0.0
db1415eb-6079-4525-b606-776f1f560697,0.0
0d8ee64d-1fe4-4992-8e3d-7bfff5ee6b5e,0.0
0d857d42-3c9f-4073-a747-5a4844f49bdb,0.0
0d7b1e97-3669-47d8-86ad-d9dd2b703738,0.0
0d663033-7163-4e6c-96e8-50a8f1c64ba7,0.0
0d5b16c9-b2ac-451f-a4bf-aca5a1a690f5,0.0
0d4911ec-2d6e-4e06-a05a-2255a83735b6,0.0
0d479c08-f797-4b83-9882-113d45b40a12,0.0
0d3d0396-8d8e-4b67-8c77-07217ee43249,0.0
4461fca8-de7c-495c-97e7-dfbd0b474150,0.0
445a7a77-7701-4f0d-931b-689e51e636f6,0.0
0cf9b32b-4aaf-45f8-a8c9-4aa87b6e1b87,0.0
db107d3d-b092-4580-b6b1-19505af8f3f8,0.0
db0a5c20-8145-41f3-a51d-4ce23f90a5cc,0.0
dc6656a0-91cf-44a7-92b3-90e18a036db3,0.0
dc57e2f0-cf8f-4cb6-a2a8-7418c96b3065,0.0
dc455cfd-07bd-4861-8d2c-24f9bcc69b33,0.0
dc067e51-f858-4876-9bab-e736537ddff4,0.0
dbca3b63-1a21-4c1d-832a-e5ccb907d076,0.0
dbae63b8-8b1e-4d1c-a60e-9db0400154ad,0.0
dbaa1459-21d5-4499-b595-9f8f3cd8a53a,0.0
db9f8eac-4c85-4c6a-b226-1f4ee6ac8cf5,0.0
db885bc5-fbcf-4874-9a4a-d247f47aae5f,0.0
db766947-53c9-49db-b394-21feef250b83,0.0
db75cc37-ec10-47f2-a699-5e8bd9007f69,0.0
db707bfe-60dc-4aca-b273-21aa9cfbc164,0.0
db633d3c-88c4-4fc2-b74a-1b0c24c190c1,0.0
db4e6081-f139-492b-97c4-225915d9b183,0.0
db4deaff-dee3-4bab-865a-3da649fc9d57,0.0
db44e6cc-39ee-49e1-bf14-68a18e84fd48,0.0
dd7ab4d2-e165-493b-8cb9-ec0d36084589,0.0
dd63094b-9f8f-473e-b1bb-670e49908673,0.0
dd5249ce-41e2-4873-b1e2-a7cebbec13e7,0.0
dd3fec81-c316-4429-a210-976c279538e5,0.0
dd3df4b7-dbfe-4ac0-894c-95f1ed191ba4,0.0
dd36bd72-cf62-4021-babc-d1bdbe62629c,0.0
dd1031da-b642-42b1-b1fd-15c081ec6694,0.0
dd0cb30c-cfca-4d7d-b402-ec5f6d86a6a4,0.0
dceedb49-7648-4801-b063-556333e09add,0.0
dcba72ed-ae82-4842-ae89-3da56b614953,0.0
dcb804bf-2375-4510-97ac-e6b56379fe44,0.0
dc898e3d-c17a-47ba-b88f-9ae2397e5f69,0.0
dc8725d8-2333-4097-81ec-a11276d19cc5,0.0
dc7de6a3-c120-42f4-b5f7-727f6e7bd0cc,0.0
dc7d7c73-0092-4aa2-8d12-1a20385af886,0.0
dc72c017-0092-4459-93f5-277715333cac,0.0
ddb9e790-1f33-401a-b269-e7ed7a8a02a2,0.0
dd9e4ff6-7b0c-413e-8acb-d8c017b45eb5,0.0
dd8e0f6c-9240-4c82-96e0-4bfc60e38b8c,0.0
0cf7cc3c-7ec0-42f1-ac79-53fc330c127d,0.0
0cd34645-dae6-4f85-8204-17705a81702b,0.0
0cb296de-c58f-480b-ae9e-e498c9546faf,0.0
0cb139e3-6500-4742-8257-104e359c71e9,0.0
0cae634f-5a92-496d-bd66-2b1201b482a3,0.0
0ca72c93-d814-4bbc-b6c3-a8da9434e774,0.0
0c830199-d919-4b78-a986-2a4cd7dfdba3,0.0
0c801d8e-8ba5-4bf3-bb2c-51458fddfa34,0.0
0c7bde61-ab2a-492f-beae-e70681de9788,0.0
0c78e4db-62a3-41a0-8159-2197e3682786,0.0
0c6905b6-952b-41b2-bac3-ea7070537040,0.0
0c63a65a-019a-4be6-a0ac-862de93a9769,0.0
dd8496dc-bc25-4552-8019-a1b93d39e09f,0.0
df0f209e-796a-4bca-bc74-e86c5f7b165d,0.0
df0a2c08-3dd2-44a3-a772-0940d5a93ec9,0.0
df085c20-cdd5-40aa-80e0-657dad979359,0.0
dee480cf-72de-471f-9541-a31e402ea922,0.0
de8e7848-2477-4f4a-81b9-017009f2372c,0.0
de8194b5-ff51-4949-9cad-b81bc9202557,0.0
de7be796-3d91-4a20-9de3-e61282078749,0.0
de7bdfdc-f5bd-4506-9351-52ae6f266166,0.0
de665bcc-10bb-4b47-be12-581f4b9cda8a,0.0
de5bcf02-497b-44db-b923-3e67cec9a61c,0.0
de54b246-9f72-4571-86be-16ee59520981,0.0
de4e7b2d-58c9-4ef2-9dd1-74d090090a66,0.0
de26a47a-146b-44af-9511-1314c19355b7,0.0
44526ec4-7e59-44b1-a7ab-f0cb7e0a948b,0.0
dde5f651-ff1e-4141-a47f-2c52d2f639c1,0.0
ddca470f-aa6f-4c8a-aa6a-9d420da5ebb6,0.0
df3da5b5-4ea6-4b04-9860-118ba29d238a,0.0
df3027cd-a70a-442b-a2d4-1aa265fbb249,0.0
443e441d-d374-4962-a5c4-aa1f0d4f2a34,0.0
df2091c6-7afe-4374-852e-96408ad9489e,0.0
443e2826-e0a8-4fe3-8cc9-5d1fa0d8a7c7,0.0
0c4fb70e-8828-46e3-ae56-a9957cbf3fa2,0.0
0c4cda48-9311-4d2a-ac67-8b277ac8da4c,0.0
0c09d900-1eaf-48ab-9173-833556278b4f,0.0
0c0877a5-ab70-4fee-8a10-ff0abfe3215b,0.0
0bf52f2d-d502-4192-ade3-b47dd3b94881,0.0
0be80607-6e5f-4a6f-9b48-3879b81a5f3c,0.0
0bd98b8f-4579-4686-9460-a19968362c5b,0.0
0ba54689-2d58-4476-bf0f-338e7be32cfd,0.0
0b88d36f-45a1-447f-b9f7-546c1f7a079d,0.0
0b863a77-e4a6-4daf-9728-59cebd760abd,0.0
df193b35-5a1a-42f9-ba3b-4504bb579c9c,0.0
0b15b95c-78c8-40fd-9c24-f647e8c2349a,0.0
0af91548-551d-4ab1-8341-25e01bfa89b7,0.0
0ac50238-2a94-4ed5-8c78-8f2fe3c9c119,0.0
0ac1ca88-c8aa-4232-bfb2-81245a947694,0.0
0ac16b34-7b25-44ce-b14a-b59220f1b73b,0.0
0a964510-4f61-4fbe-9783-2c12ee0a2bed,0.0
0a85b714-b3dc-46d9-940a-47ef086c453e,0.0
df98b52a-6f64-434d-9d1c-7f903bb2e708,0.0
df97ce00-3132-4709-a7ca-4f8648f907a2,0.0
df8fc051-3d8b-45ef-bae6-cdcbc4dbfc62,0.0
4433afaf-f3d4-4c4d-9908-679f53c82502,0.0
df5fd65a-83ed-45fe-bc8b-4f4e016d6a92,0.0
df5e1ed4-27bf-43c1-bd51-d598882625dd,0.0
df5368c1-d201-44f2-93ed-e8026dd12ac1,0.0
df522cf9-36df-4064-8c66-1874ebc29e84,0.0
df3ea643-35e1-48c4-8933-a727631a5037,0.0
e08d51a7-fd07-4f36-8af5-d8e033dbc52b,0.0
e08b094f-6718-4cf9-b316-de354a3993c0,0.0
e089a198-f15c-4951-b66b-ac5a39649e17,0.0
e06ec47f-6a15-46ea-804c-b6ba39236982,0.0
e06cbd1c-f345-43e8-9759-df982999a45d,0.0
e066aba5-2f61-4e07-923f-b142e95208e2,0.0
e0596f98-1e31-4039-9073-eb6dec0998c6,0.0
e02a6dfe-2f45-4215-bec5-36a1667e0a06,0.0
e011b812-7bc9-4cf6-99ff-38d601930c4c,0.0
dfe0a5e4-447c-4254-b8c9-d751e334fe44,0.0
dfda034a-a706-4848-98bc-8172cb99fdbe,0.0
dfd50f88-960e-4709-8778-98b566591844,0.0
0b626777-8a77-4eea-95f0-d207c2c328b5,0.0
0b6175f8-f65a-4582-a9e5-b5bf25d776dc,0.0
0b3861b8-06af-4f99-9d86-da858e74daac,0.0
0b2a69fb-f983-475f-8c45-798a39847ca5,0.0
e17d43ca-2992-4bea-94b7-77ac0cd241ea,0.0
e153bd94-288e-40b7-9785-93a7c6f83a2c,0.0
e1452da8-0a6d-46c8-87a9-d33cb7930047,0.0
e13074b0-5cd8-4b9c-b7b0-d8c2a7989732,0.0
e129f6db-5c5a-4ff6-9861-fcb8502885a0,0.0
e11cf69e-da84-4403-9031-66a1d2bf0cc3,0.0
e11bd33d-e8af-4a7e-894a-c39a69da50be,0.0
e0fce14c-e024-41c2-9064-87635be75613,0.0
e0e56ede-6d06-48d8-afea-5cc6b150c44f,0.0
e0d82856-0a52-4f38-8154-31e85001b7f0,0.0
e0d2a26d-239d-4348-905d-6f4dde1bb619,0.0
e0c1773b-d1f3-4d77-b236-15090f5974c8,0.0
e0bf35ba-2770-41c9-8b26-d27fd7ea1324,0.0
442b5c79-6a65-4c65-afae-1874273678a8,0.0
e0b2c893-c4f2-4360-b199-740ea499c75c,0.0
e097c208-a90d-470a-99ba-8684c72878ac,0.0
e1bfde5c-f928-4380-9316-bbcd04cdc7e0,0.0
e1b18f3c-ac2a-4091-be62-0efad878f40b,0.0
0a721e28-b4df-438f-9baa-20ac3f1c8b59,0.0
0a708ec8-e510-476c-8a05-e43c006cf977,0.0
0a691cee-d094-478a-8b01-12623ba09272,0.0
0a662e8d-78ab-4201-9c6f-6ab2f6e8f6cd,0.0
0a2edbc1-473f-4b0c-914b-c8b0313f6f36,0.0
0a1bd6d7-fa09-4d3b-9b42-bd6798cce9f8,0.0
0a1bb614-4c66-48a6-bbf4-b694c24af0eb,0.0
09f7af54-a48f-4a53-a72f-be55f054c93b,0.0
09f61f33-3f46-4d39-a555-830c265b61e2,0.0
09e33908-4248-48ff-b3d0-33f339d7c84e,0.0
09db6065-e43e-4f22-b777-f4b2c77f66f9,0.0
09d69f27-0a3a-4184-b3dc-6064b2557571,0.0
e1a1efaa-fec0-4ce2-bf5e-03798fdf67d1,0.0
e187a9ac-514f-47a4-a698-67cbecf73328,0.0
e2a4bdb4-76ef-4112-b849-8d937d69d20a,0.0
e2a0eebf-1f0d-442c-bdfd-1dfa73e21e34,0.0
e29ccf4e-92ad-48e6-9c94-842b7b3737b6,0.0
e29ab40c-ebcf-4c31-a70a-5c47314a2080,0.0
e28da0f9-c434-4d36-97b8-424dda49ada4,0.0
e28d910a-1cf6-474c-9784-79b97ab582de,0.0
e28c8b9f-200d-4288-9372-cf48eb2c166a,0.0
e283a1fb-b9bc-4a1e-881d-e07cdc1264a1,0.0
e2801288-2e91-4534-826f-83bbaa21beb9,0.0
e2751c3d-1013-44b2-944c-b9f9586a14f0,0.0
e25202d6-c689-4412-8b4b-cdf0545f73a7,0.0
e242c59f-b49e-4581-9d70-3ac3e953aa13,0.0
e241a9c0-b419-437d-a426-70c50514e8d4,0.0
441bb89b-8c7e-454c-88dc-ebeaf1f65f3c,0.0
e1f772b6-99fc-4c12-ada9-66e643eb8555,0.0
e1dbb71c-de80-4d35-91e9-8f834a5ae919,0.0
e3adc598-0097-481f-9db6-d7533d5dd6be,0.0
e3a302b5-ec55-4d1f-93cd-19820a2e3176,0.0
e3a2ef5c-c3f8-43ed-b81d-b776c17956da,0.0
e3a12c1c-e05c-4af8-a58d-819fee9046ba,0.0
e3994d1d-17bb-4dc2-8285-ea79c8383b16,0.0
e36a681d-ea0b-453c-9ff0-1c8e1b020f3b,0.0
e34d0773-9e89-48c1-bd94-f51e87b918c3,0.0
e31c680a-50ba-4d6c-9dda-6e2ce58157c7,0.0
e31b7dcd-ae39-4eba-ab31-7c50edea473f,0.0
e30d6660-d5c2-497c-ae76-67f5e691299d,0.0
e2fe1429-c481-4e84-927c-357beb9768c8,0.0
e2f5c3be-7ac4-4ebf-b9de-7127d381baa4,0.0
e2d7c547-5970-4bc5-9ac3-b30d59d755d8,0.0
43f9d599-8499-4b3f-967f-67104f89cdde,0.0
e2b93742-ee2a-4fb3-8151-f1d494b86f6e,0.0
e2ada737-694b-4156-98c9-5b0c2f3b374b,0.0
0952c9ed-b0dc-4eb1-9e62-e82d1b67ab9a,0.0
e51fba83-0c9b-4ab5-8a7e-4bdbf9162993,0.0
e51255a2-b6fe-4dd5-82ec-9efe6771747c,0.0
e4fa531c-9848-4362-a845-e459165ba7bb,0.0
e4eece9b-ea61-47f4-81e7-ef45e08eb460,0.0
e4e46d4f-731a-4d5f-8bfe-e26eadc2af04,0.0
e4a6dc9d-44e2-43dc-852a-f6aab9cedd58,0.0
e47b06c3-394d-4422-9abd-6f7a6dae061c,0.0
e4745789-7961-42b8-8cc1-7c8a973e8523,0.0
e45c6ca6-791f-4685-9b01-74ab2c259d2d,0.0
e435c0f9-c583-48c7-850e-a69b8267e5f4,0.0
e423e160-3bce-46ac-83df-205f2fce3db0,0.0
e40d98ca-3a05-41c9-89d1-2328d89ac0d8,0.0
e40b91b2-b7e4-4eeb-8328-708b9bb5c398,0.0
e3e51db4-8fa9-45fb-a47e-3b8b4be88e27,0.0
e3e0a930-1d18-47f2-8c64-6573ccb714bb,0.0
e58f0b61-4603-469c-9883-a0889ef17da5,0.0
e54aaa01-43c1-4581-be41-7cdc40c29ae1,0.0
43e7bfd0-bd48-4065-80ca-eac3a96358a4,0.0
09c162a5-1487-43e4-b311-635ddad2b137,0.0
09bbdda3-3ce0-4b33-bd91-8655c30cc107,0.0
09b8bd39-d35d-491d-b5a5-a6151f89042e,0.0
09b60224-930c-4d97-82ec-21b841d86e97,0.0
09a7d4a1-2e60-493c-916e-f2f19d6f7ede,0.0
09a22385-1a36-4a24-b26f-4acf2d8e1fa6,0.0
0996b41f-52ea-4511-a419-da3d5dbc9545,0.0
09747e9e-fc97-46c6-bcea-f783bea98f4a,0.0
096d3a3a-7c3e-44dd-9b1f-a23a200a2d0e,0.0
09678366-6a59-4388-a8f0-888668c1efc0,0.0
09644546-38d6-45e9-973c-bc2f5d32bb82,0.0
09600647-1475-468d-ba4a-4d426d9001a1,0.0
095fa265-9a03-4a16-9be5-d89b73163e49,0.0
0940c8db-9b3d-41f9-83b1-36e0306f5569,0.0
092b934d-18a6-48da-a33c-591b26df817d,0.0
0920e2f2-c3a3-419d-af2b-d1557fb96141,0.0
090d844b-5888-4b05-bdf6-35786647adc9,0.0
08eba16c-49af-4e5a-b620-7a64281ef09f,0.0
08caf322-b8c5-49f9-889f-29bb9d10c7e1,0.0
08be0f8e-d309-4a08-a122-b44a3988c47c,0.0
08bc0eeb-1dcd-48ee-99de-ad2bf2356810,0.0
0896ef0a-dd9d-40e8-b37b-d995f086692f,0.0
0893427b-6841-407d-bbe8-33ec5480655a,0.0
088e1dfd-632b-4335-98c9-ff2d0d4d01d4,0.0
0886e019-a689-483a-8bc6-55c6e3bd699a,0.0
e5e432a5-933e-4d6e-bf8e-26237c564d8c,0.0
e5dfcd0a-65ea-483b-a45a-e1cecc8969be,0.0
e5b1f843-a622-4f47-9f5d-589aec8be761,0.0
e59c15bd-577f-48c0-87f2-0026187d42c1,0.0
e7bae2b6-0d36-47a9-8df2-31d2d6dd4e39,0.0
e7603043-5498-4ef7-b041-40afb05c91f8,0.0
e740f01a-c085-4946-bb46-b5ad611e150e,0.0
e7003013-d083-47b6-8ed0-a8b413b2160f,0.0
e6fb395d-b783-4c70-8d73-c7bc34cda496,0.0
e6f0abfb-6ba0-4d7b-9522-b10a656c91e5,0.0
e6ccaa0b-3438-4469-bdea-dbbe92427f2b,0.0
e6c1b048-6bf1-4250-9b76-c821d1a85400,0.0
43d3ce24-948e-405b-b04f-0a2f0b053c47,0.0
e69d8f96-5b31-484e-bb42-81032b989e1c,0.0
e696df82-09f5-49fb-9e0d-a01d4422f5d4,0.0
e668cc40-d296-4e5b-9add-bd7a49554731,0.0
e65570c4-d1ef-4132-9488-79175a495ac8,0.0
e63112ff-43aa-4ad5-bc9f-5db378ffbf55,0.0
e60b3c3f-871d-45ae-85f9-67ed23199442,0.0
e5f81866-beb7-4d88-b3db-30cdcee191cd,0.0
0875a8da-a24c-4a49-aa17-624f690b75b5,0.0
086fb1fc-894d-4baf-9b14-0c0d9eabaf19,0.0
0863927a-0afd-4754-b48e-8ca9e81c0acb,0.0
0837a93a-2211-416e-b3b3-3a273375385a,0.0
082c1852-988f-4618-8693-a2b2654cb442,0.0
0824adae-4474-4145-a10d-24342afb0754,0.0
082279b0-8a9f-4592-a05d-12b1098947e0,0.0
08169610-ecf0-456b-a5d4-5f40e6f13ddf,0.0
08098e02-42c8-4924-91d4-d89062708e72,0.0
0801f419-661e-451d-b56a-803515656c84,0.0
e82a3d29-c81a-4598-8c20-62ce07a4c368,0.0
e8249487-27f7-4c6b-9232-09826a51fcfd,0.0
e8209030-a928-47d2-862e-bfc23f648661,0.0
e8112ff7-464a-4f8b-8311-df9c90b7d824,0.0
e80cb9ac-663b-4100-a057-8c575bf76851,0.0
e7ce9487-1a5f-4a64-a8c3-0630254df8ff,0.0
e8e94f86-207a-4d10-982d-175c58161ad9,0.0
e8d126df-5476-4454-9e82-7c775414f43f,0.0
e8cd9e1a-d2f3-4604-9f5c-fb898d7946cc,0.0
e8c8d1a6-3b9d-4c05-9394-f89786fc9756,0.0
e8c6bcd2-9bbc-44e7-b687-e54b593e818a,0.0
e8b26b58-d358-4c52-baee-fa65ee93e7c1,0.0
e88a6f83-b5f7-424d-96a9-92e05274d31e,0.0
e866bd2d-a73e-4610-984b-85aca6abc4b5,0.0
e866b1d0-1eb1-4050-8177-ebf99f85a50f,0.0
e85178f4-1eb4-4092-962c-7541803e7fc7,0.0
e83bef64-2472-4bec-81ac-bb96d9fb9854,0.0
e83bd918-e0b3-448c-a6ee-d4fec2dcd8fa,0.0
e830da5f-428a-437e-a047-d246ec53907a,0.0
0880f41a-007b-48b4-966a-716e50dcb25f,0.0
0880b5e7-52b3-4385-abd1-d2641b81de5b,0.0
08776c6e-038f-4058-aaff-def5a68d8017,0.0
ea047626-b1f6-47f1-9894-6df11616c2a8,0.0
e9fefa9c-a91d-4f1e-923d-00f98f97e163,0.0
e9efc906-2edd-4832-908b-d50f26c71e9b,0.0
e9cd7f06-b801-433d-a464-d9bd6d823adf,0.0
e9b718cc-a352-472d-88a1-b88d0c2a0bcf,0.0
e9b6e4f1-4142-4f50-948e-276f4b378545,0.0
e9a7257f-5d5f-4a5d-9a58-77ba130424d9,0.0
e996501d-70ec-46b3-804b-231510008556,0.0
e98c8f5d-57ca-43ce-81e7-722773fcc847,0.0
e98b01d3-826d-4253-999c-c24d999ada22,0.0
e9897786-7dcc-4ce1-b1f8-f1aab79afaf1,0.0
e96b6e33-eb79-44c0-85b5-b9432ab2948d,0.0
e96407ec-d625-4eb9-8946-ad8338179006,0.0
e9404c20-89c4-4db0-9bc6-fb868cdc2ac5,0.0
e9217dd7-075e-40ce-94b3-4d0a3b65d4e5,0.0
e9209f3a-49b6-44ae-9eeb-230c50c2ee38,0.0
06e95779-a570-4a44-85df-631fb8d87805,0.0
43ad7436-b04d-4c31-98dd-5f2b8755a248,0.0
eb6f1b1b-b2af-474b-b4c2-1fd31739dc75,0.0
eb622c54-99e1-47df-84e9-87ae9e9c83a7,0.0
eb529885-0505-4e8d-8436-47f1629decb8,0.0
eb1da527-14fb-46db-870f-d6f2fc3d7f42,0.0
eaed1129-6787-4855-a68b-61fcad1bf153,0.0
eadc91f5-aa23-48a7-b562-abc283798626,0.0
ead94a43-4c3d-4c73-b27a-d94da2ed4cd7,0.0
ead8dbc0-0de0-4e00-b51a-45344b8cc364,0.0
eac18a4c-1f2c-47d8-88fb-41ac0e94f09a,0.0
ea68a389-b74e-41a4-89ea-28c6c1e44bc7,0.0
ea5d4f23-1454-4d69-8ca2-f6bbb86f4b0a,0.0
ea4c6941-028e-4edf-b50d-b1d44cc34cb0,0.0
ea3bb54a-06e0-4068-b0b5-125d053cd694,0.0
ea190b3a-bfed-4d7d-9714-7d8e658e5d6f,0.0
ebb8ad5e-bec4-4c32-a229-e01ce9c1fb00,0.0
ebb2eead-d8bd-411a-b95f-d5d12990bf7f,0.0
eba6081a-feba-4de3-8c9b-cd3f1f379506,0.0
07b282f6-c035-4961-8d20-124b7989eafb,0.0
0795ae14-e77f-4f96-a9f0-194afd7badd3,0.0
0790d89f-5cf6-4e34-b2cb-2e5784cd7a33,0.0
076bf587-2e96-4484-8a49-946e85cbb4d1,0.0
07644e7f-5e2d-4001-9788-e9494ebe9724,0.0
07503777-eda9-401b-abc0-0577c68d52b7,0.0
44de0e09-a09f-4ca2-922f-2aec841be77a,0.0
073b394a-d82c-43c9-a3df-f921daacfdd7,0.0
071cff9b-28f5-4606-9eff-dea7c24a999e,0.0
070e7bc5-9e51-4380-bd1d-485975a1ce04,0.0
06ffffd1-0802-42ba-8867-a721ee0168a9,0.0
06f980ca-873d-4e73-b398-c7d7b1240537,0.0
06f33777-31a9-4a99-9638-b647bdaf9baf,0.0
eccada41-a23a-458d-a1a7-3b89c3685e53,0.0
ecc7d2cb-1b62-4e5a-a025-26f08b6de237,0.0
ecbebfe7-03c9-4212-9180-5482c924be7c,0.0
ecba4f2a-bc35-4085-bc82-b99a97a0cb63,0.0
44ca7c12-e71b-4d2f-a422-ef04bd70ea3c,0.0
ec985cd4-06dd-480f-92b2-81edd1ceef25,0.0
ec6a9e9f-cd07-4405-8468-8cc4994b79b9,0.0
ec534a89-8ce6-4445-ac05-5d04036adb6d,0.0
ec3ecc5b-f9a2-43d1-a008-b8789dad139f,0.0
ec1de767-5d33-4902-ba7f-ba7fd030fbc6,0.0
ec0a4ac1-8e5f-435f-a0c2-cd37c09c2a9d,0.0
ebf6cfcc-26f5-45d3-b903-e1fa6279bf4b,0.0
ebdecfea-a28a-4594-84b7-413776ea1ea4,0.0
ebd16f51-ca18-4276-b277-3783cc5d4138,0.0
ebcb0295-cbb5-448c-9dd4-666ea2336198,0.0
ebbc1663-dee3-4f55-9fdf-bcdc85c7cb3c,0.0
ed909824-1ab6-4c41-b05f-14d2736b8269,0.0
ed879829-a870-4e2c-9598-9a6b9d596c48,0.0
ed857561-1a65-4a84-8a18-09a7a62d0246,0.0
ed7df11f-3d10-4a54-bbc1-a08eef7f4a83,0.0
ed5a9f2e-446b-488a-a981-6ebfbf782a10,0.0
ed3de694-ed93-444e-8058-29824c33a684,0.0
ed3c01a8-6d92-4f64-b4f1-dea94240eacb,0.0
ed24ee1b-ac0b-43c3-8098-234448a4dc22,0.0
ed21d3de-721d-47ed-9592-dbb15909fff6,0.0
ed0fc08b-30fd-4b2d-bbca-605186746e94,0.0
ed0f1879-7919-417e-8bc0-b9ab42354f0b,0.0
ecf965d6-79ad-4be3-beb5-ee20bb372a04,0.0
ecf64f24-73da-4938-af8e-ebbc39d4eec8,0.0
ecf22d46-7e08-442d-b62c-a988335bcad8,0.0
ecf0bdd1-9719-4644-ac38-0453ac7bba40,0.0
ece7d9db-cabf-4a68-9dec-6c82624d9422,0.0
eea03607-5160-44db-aa5f-6d3dafedc551,0.0
ee935f28-5231-4708-aa60-d82e0662e270,0.0
ee74b1c3-2d01-4d71-88ca-39f7272bcbd2,0.0
ee6e1849-cf64-4680-ad45-fdfa52b9a36b,0.0
ee4f7d2d-2b9c-48e1-91dd-3275a512c6d2,0.0
ee3b07d3-5914-43d1-90f5-9b8a1e77be36,0.0
ee2b34be-22b2-4cfd-8307-18f846e4f09c,0.0
ee26dfed-8ae9-47db-a1ce-d699cc399ce0,0.0
ee17b8b2-e1b2-4a9c-8a9c-62cce0b408ca,0.0
ee14a4a1-3100-4cce-9976-b316f12e48e4,0.0
ee05aaa2-cf67-4ef1-923f-22a3308402c3,0.0
edfa41f9-2c96-49c3-bc9f-9db92b43b57a,0.0
edd8d12b-58ac-42a5-9969-a80dc14e3bf8,0.0
edcf34af-967a-44c7-ad38-003b5ca13877,0.0
edc6a7ea-4a9e-45d8-9e9e-f173463beab9,0.0
edb73e2b-6ef2-4451-8bfe-3460a5e6e3ac,0.0
ef086f15-9412-487a-a80c-5a3c371ed90a,0.0
eeea936b-aa7e-4974-af4b-4f83602a5726,0.0
44c8d5b6-c334-4415-b04e-a4fe612ff5d3,0.0
eeda4eea-18f2-47df-9e53-4d31dacf95d4,0.0
06da77bc-13cc-4533-99fc-87c62ae83dee,0.0
0699b5a9-aa33-45a4-af52-75e505cc8286,0.0
0695fb96-b881-4957-8a01-0e27cf7159e2,0.0
0676e5ef-a627-4585-bee5-a0143cf4ed18,0.0
064d907b-aa8a-4d22-8b8b-e6c737438b6b,0.0
06454182-a936-47aa-96cf-de6b310f7ca0,0.0
062f8b7d-b1f5-412f-8ec0-e783aebace62,0.0
06261bec-6ce3-4562-b92a-b9960655f1d1,0.0
060c46d8-699a-4e40-8b0c-dcc2eda19f96,0.0
05da0a17-8886-4b85-92bc-a1d5c3de08e6,0.0
05d71e85-7336-4238-9c29-946ab2966fff,0.0
eea968c7-b4cb-4028-ba82-eb1d753eccbe,0.0
f010d006-01d3-4493-9a26-b0cd46a53d13,0.0
f0041683-3381-44e8-b29c-1c78f54b224d,0.0
efd9c0ea-cf82-4583-b364-b681441463b7,0.0
efd51e72-ed3b-4525-b91c-8a418523338f,0.0
efd3459c-8662-4b42-84a6-b653104c984d,0.0
efce96d2-6813-4291-b5b9-795923550d79,0.0
ef7bee7b-01c9-47c7-bdab-f0033093a0cd,0.0
ef7915b8-2c48-4f38-b075-01508c5e6d8a,0.0
ef68e4bf-9a37-443a-b0b1-23e8d90f9632,0.0
ef5bd033-a49a-4884-b3f0-8c63352047b3,0.0
ef5ab9c2-e984-4ed3-b957-5c3dc20f7615,0.0
ef57d78a-6f77-4f31-8c0f-fc30ca43c4c1,0.0
ef41293f-fd9f-4af9-9ff4-480474de3a8f,0.0
ef33fa92-6b0c-4488-9e19-90f70895f595,0.0
ef280008-35ca-4ff1-95c2-9f81a1866d2e,0.0
ef21dca8-ec5e-4273-9490-c6aafedb34b3,0.0
054bebba-7d00-444a-bbd1-4c00b8792b5f,0.0
f144d904-d9cb-47e2-aa1d-25e033ab9895,0.0
f137e539-a046-4699-94ad-b6c733cd63a2,0.0
f1337105-01c4-458e-901e-51cf54348537,0.0
f102d77f-a636-4735-9009-9f0fce4ad42c,0.0
f0eb1d16-335d-4513-8f4c-ad23886849a6,0.0
f0eac79b-f317-4ff1-ab21-218f4e8cac36,0.0
f0ea02c8-9c3b-421e-a940-814b414affa2,0.0
f0d1aa53-8661-41bf-8900-a9ed3983f6dc,0.0
f0bb3d8f-c0f5-4423-a9e3-6ca7ae3ca49c,0.0
f09c49ff-1ad8-424b-92f9-2fc5283b79e0,0.0
f094ec52-b530-4229-9217-d2c4162401d9,0.0
f08c78c0-fed8-4c0d-ae84-91f9fa6874de,0.0
f069fd9c-4ac2-4b51-9815-f92880ed7bfd,0.0
f055ef53-3c4a-4304-9917-8b42a3c64296,0.0
f0238afb-bfb9-4aeb-9c89-697bb835ecfb,0.0
f1bc6910-7a7f-4c97-a4b8-b1691cb173a7,0.0
f1bc4fd7-d32e-452f-9af2-f26fef231d1d,0.0
f197ef5b-011c-415d-a86c-eb5721d01d74,0.0
05d2d1fa-839f-45e1-b323-2b398cb86d7a,0.0
05cd4ae2-a1c9-43de-9f2b-cb4d43440d8f,0.0
05c77a60-7935-4eb8-9397-733397bbac7d,0.0
05c02110-367d-40dd-9f88-a44eaa5ccca5,0.0
05b65f7d-8652-409b-a6a8-758338fb1a74,0.0
059886d7-5b13-4cee-ad55-405e23d59587,0.0
0577d3d3-cfa0-4d98-8686-f0ec9e7d5e01,0.0
0570f600-9b7a-4da7-8928-dcfa17d69db7,0.0
057023d7-4f8f-4d8f-b5b2-b60e721909a5,0.0
05688714-1661-4cf0-8c45-5b44cac98233,0.0
055a6a1f-d742-48c3-aaf2-d48cfac74c4d,0.0
0555a7ba-523f-4194-84d0-1389c189323f,0.0
05513df2-c203-48ff-8cf7-a15d1c614c6b,0.0
f289901f-0bb6-43fa-8670-a9b640f6a3a1,0.0
f284afff-a3ea-44ef-a281-6e4d74c3071e,0.0
f283c841-5f4e-4abd-a0b7-4264bdbc9720,0.0
f279bfaa-fc97-4c7a-b743-782406b6307d,0.0
f275d376-0045-4b05-901a-5202763d673a,0.0
f26ebf99-d8a3-4c23-a977-33ec8665cbdb,0.0
f2697b1e-451d-4c69-b812-a95227eb8e57,0.0
f248e1b4-6c03-4471-905d-22debcec1cb3,0.0
f224bbfe-56de-44a8-9b61-c9565a55efba,0.0
f2129cb6-9210-4cb2-932a-27af1270c911,0.0
f210b975-8d12-4cf2-94e2-464cac6d6b1e,0.0
f1efb7e9-576a-4ae9-81c3-506b2c19261a,0.0
f1eb13ef-23f9-43bf-8b21-5ead807049c2,0.0
f1e1b7e2-03cf-48b0-a5e3-2a4d16842d9c,0.0
44ad9090-80ea-4d65-a150-af6c36de3742,0.0
f1bd733c-fd50-4244-8b53-5f5516ce200e,0.0
f36d9303-714f-4548-8e77-9e51c4c7b003,0.0
41a5ca3b-78d5-44b1-81cc-d0a6ecdbc5ca,0.0
f34d65e4-9fd7-46b4-b2a5-a33420842f62,0.0
f34b4dec-1a54-4121-a9f3-9f60625b4ca1,0.0
f34a96bf-e9be-4141-9c60-8e64a66d2d83,0.0
f3440bee-ef03-470d-8081-0d5ec8ac4f83,0.0
f343e832-844a-4fdc-967d-7147a8b68b12,0.0
f31ac305-6889-4333-a6cb-7972c280025b,0.0
f30f2d91-6d07-467b-94d9-020d05c46511,0.0
4192d5fb-05df-40de-9e16-cf6fba4e259a,0.0
f2fc3144-b1c0-4cd8-a6cf-2997c26d0755,0.0
f2e504ed-abd3-4316-a56e-564de6f086d5,0.0
f2c47fc3-0834-4806-af2f-44070779ab4a,0.0
f2b2cc50-1b23-4ab9-ab86-959cc42d25dd,0.0
f2a90043-11f9-4ed0-a52e-67238f300ca5,0.0
f28d03a2-be83-4fff-afbb-327c8f5fb082,0.0
040f9a26-5e07-40b9-a21e-e685c8bd329f,0.0
040b3531-dfad-4fe8-90e2-71d5d893c0f7,0.0
f41fd9de-88e3-4d9a-a153-61e33f621ba8,0.0
f41da773-a8aa-4b6f-9388-feea4d8c9924,0.0
f413f3b3-e887-438f-a78a-3655dbac8735,0.0
f3fe6e35-d822-4dc1-8eac-3cde7dd95948,0.0
f3f23fd5-80ff-4139-80a7-b081922d1dd8,0.0
f3f0e23f-23a2-4c5e-b801-4198850a364d,0.0
f3eebde0-0f80-4704-a755-ccf34cac8e73,0.0
f3e1f498-976e-44ef-bfd6-f5c608e4ea4a,0.0
f3b460b1-6bc0-4b8f-999b-11daf68240aa,0.0
f3af83c2-5299-4c76-b3a0-4908a82ecf26,0.0
f3ae6a83-d096-4f8a-b3c3-abb6c43e31e6,0.0
f3a68bb9-7e3b-48a5-b308-c1d69a7e578e,0.0
f39cdff3-c7bc-4b35-bc72-c33970402c76,0.0
f37b3db4-7bd0-43dd-aa88-30ef8d7d4d70,0.0
f43b1bab-6c68-436f-9dcb-9f13d3358f6a,0.0
f4332e4c-8eba-4e0d-b319-461974e67d0d,0.0
f4325727-7f6c-422d-9396-812c457d29c3,0.0
f42c6c01-184e-40ee-b9ec-8050ddf6c94e,0.0
05389363-3223-4c6a-9560-0d6f780bb538,0.0
4188651b-f03f-49b4-b920-7bd3934182a8,0.0
0512273e-ac54-481d-82f4-592c7e9571ee,0.0
04feb228-11f0-430c-b553-4584aea1ede1,0.0
04d99a74-3253-42d3-90f4-6443b214ee51,0.0
04c2f8da-e127-42ea-8aa2-d96631190bf3,0.0
04a7bd4a-47b5-4a2b-96e5-8a0d8bdabf34,0.0
0483b006-77ee-452d-93eb-a66eb33acbd7,0.0
04803118-df84-4071-a0cc-ed797b13b6b1,0.0
0445c2c8-888d-48ef-80cc-a7ffa739b33e,0.0
0439e522-8c80-4a77-90c7-3314962aa2b7,0.0
0410c28f-4aa2-4e7e-8df7-240003fee49a,0.0
f51c204a-1fba-48fa-b00b-72bf51ab2988,0.0
f4f06c6c-e0f1-4729-b7cf-cc5d5142d135,0.0
f4eb9cdb-b870-4389-8a5b-7f99a7101a35,0.0
f4d2ca8c-8bbf-47a1-b57c-83e3a55439b8,0.0
f4cd1ef9-3f49-40ed-a4e7-fba8bb90beb4,0.0
f4c86f02-7732-4e2a-81a9-44fd4b99141e,0.0
f4c5fc15-3327-41d2-bb8a-6140cf91b63c,0.0
f4bfff6c-383b-413d-a0e0-447cfc4d5ed1,0.0
f4bfc3a2-1d31-45b1-8bcd-a2ca3c95f9b4,0.0
f4ba8b2b-add9-4cf8-9d98-186617f3c624,0.0
f4ba33f7-baa4-4530-8ad0-761d6b47274f,0.0
f4b9cf2e-5dd3-481a-94b1-f7c14a5beeda,0.0
f4b2769b-1bf9-4558-8b89-d8ba00cf4db2,0.0
41141a55-3ed7-4b21-8590-abc93c0b996f,0.0
41098a90-1387-4381-b72d-4184c9e4baa2,0.0
f45252fb-49b3-467c-bffa-106f3fd3a632,0.0
f5dcbebd-225a-4c00-a8f8-08791fb1edd9,0.0
f5c43aa2-b735-44ad-b2e7-7884f965f6ce,0.0
f5bc6654-7c7a-42b7-ab3b-c4cef33dfd84,0.0
f5b9f04f-5214-43eb-917a-29be21361979,0.0
f5b3cc3f-2ebc-4ae2-8130-1a3eb0314d6b,0.0
4104868c-bb9e-4d8d-8390-7f87d9007095,0.0
f5a00307-ff2d-427f-9171-a02015174fbe,0.0
f59a5552-1030-4c23-abce-f4e99cdf5be1,0.0
f58ebed1-b25a-4f6c-bdf9-87b8f7f53b9d,0.0
f587da20-5f50-421e-ba82-f9df6340f5e8,0.0
f58643b1-cdd1-4de1-917c-fac261c3e7da,0.0
f584dff1-0617-4f8e-87dd-5b24b99e640f,0.0
f57e8bf8-fc02-4f93-98a3-f571b5e52854,0.0
f56c7f65-a06b-4a80-86de-a0bd212331c1,0.0
f566a9d2-0e1e-48ba-b9e5-cfd0b149e9a2,0.0
f5393cd4-335e-4fec-bab1-29bd064f2b4b,0.0
f6a5775f-eca7-4e8c-84f0-b3e9ac599310,0.0
f68478a2-7e0b-45b1-85c1-7e831de62b62,0.0
f67fae88-9a09-4812-aed3-15cd0f985931,0.0
f668e72e-26c3-4786-b0a1-9e17bb1e85c3,0.0
f6659d0d-bd96-4ff7-b906-9b0fcd813855,0.0
f65ceeba-e0c0-458b-b1c5-229e5bd1b8cf,0.0
f64b1b7c-59b5-4433-ba7b-8407ef68bfb0,0.0
f641d7cc-7ada-4f09-8966-b5417c6e27ac,0.0
f62d1e35-f0b7-43f8-82a6-6fe1bc0ce400,0.0
f62800a2-c233-4873-a845-24fd5d856a1a,0.0
f624d7be-9e91-4c47-99a0-218e12daf87c,0.0
40f11693-5354-4b99-9308-4106f746e2bc,0.0
f60eacef-6b58-4ad1-af78-dd80038ec913,0.0
f606e98e-97ef-400f-ab69-75f9c7ba5336,0.0
40dda5d1-004b-4888-9739-660c87a58fa1,0.0
f5fdbe21-4651-46e7-9e15-2102dd3aead0,0.0
f6fc609c-e503-4d0a-b69c-89832755d107,0.0
f6f6ef53-be7c-4e40-aaef-866889c07464,0.0
040333f2-4393-4314-a22e-dbb4a8fa25b2,0.0
03fa6782-f62c-4595-ac5c-5d416a91286c,0.0
03d91fba-4ed8-4392-bdae-d2bda6c0c040,0.0
03c9428d-14ff-4510-abef-547af504c52f,0.0
03aaf08e-a06b-431c-a6ac-5107129d3e5b,0.0
03906e03-2629-4fdd-9ce4-15ab72d59c86,0.0
4099b0b1-7d20-4848-a981-7ffbb51d6e40,0.0
03699a58-1aaa-4715-bcdb-2b8bfb1b63fa,0.0
0361dffb-a1dc-4da0-8142-c7601267894b,0.0
035c525c-d0fa-4def-bca6-5c5b415548f1,0.0
033782e2-982e-4fd4-8026-12413997ef19,0.0
f6e32d45-2aa6-4b1b-8e7b-a0641be1f705,0.0
f6d83ff8-da7e-46f8-af24-c4ad045acfe8,0.0
f6b2c8a6-a190-482f-8d8c-b68d59e79e71,0.0
f84f831e-8ef9-4897-9cb0-caceb0ea7fd3,0.0
f83f4c3c-edb9-416f-9cac-65130c3965c0,0.0
f8083392-b2f3-4739-8cdc-1509b0c57e12,0.0
40885c9a-f832-4a58-a04f-19d301521c10,0.0
f7eb3912-ca74-402c-913f-d111a00cec58,0.0
f7e43fe8-1be9-4dec-8064-19090aee514c,0.0
f7af7302-e13b-4b90-8a60-37cfbcd4dbcd,0.0
f7899dad-0d72-4ebf-bf8e-d829ce2455d1,0.0
f783fd25-3566-4529-a946-32c5e4f22abd,0.0
f77c2506-5583-4e0c-80c5-e6cc84fc2318,0.0
f75803a2-ff7e-4935-b79b-e172cdbc4370,0.0
f756a656-fe79-470f-a8cd-d2abc9f38a03,0.0
f747ff69-12aa-41de-9f21-a53585148f76,0.0
f7286a23-0b0e-4d9d-bc66-608361c67b7b,0.0
40617e91-4a70-4e71-af56-7f49168fa3c1,0.0
f7163db4-9dfa-43fe-8004-225d338d6496,0.0
f95ff8fb-bc74-4322-8b3b-ae92fda77230,0.0
f94192ac-cd20-4244-b8f9-e112432c507d,0.0
f940f2fe-6a3b-43f7-aff9-810668282301,0.0
f9361b27-c5c2-4c8a-9790-a7ad5267e389,0.0
f928d85e-74ba-4112-aaea-898d92328a99,0.0
f913bd18-5e25-4cf1-8057-9757dcc65b78,0.0
f8fb5c04-bb7b-4a31-a953-fdba4569a881,0.0
f8f56fd3-b41e-4ef3-be63-07e408c1afb0,0.0
f8a74cf9-aa87-47c6-b79b-ce740dcf1225,0.0
f886b5ff-bdac-4194-8157-cd40f4199df3,0.0
f8861a41-d896-4703-9a5f-0837dff0c0b3,0.0
f8775369-da60-4e72-aaf7-827685b9bdff,0.0
f875f1d0-1276-4e8a-bf41-65a2b866f509,0.0
f86dee0e-603e-42a4-afa0-f110068e89a0,0.0
f86dd048-984e-49d0-a001-d96c18f1b28c,0.0
f8699cb3-4587-4033-bbd2-bbdda108a942,0.0
457a1386-0b98-461e-ab95-efa3eef48e5c,0.0
fa2e7131-eaf8-4a25-a48e-0ca2d3395f83,0.0
fa23c8bd-a284-4613-88eb-6232272a826c,0.0
fa0f494e-9deb-4e6a-8657-b15d2a75bf67,0.0
fa0d6769-2c54-459c-97b5-d079a7231fd0,0.0
fa0ae358-3bcc-4c96-b0a0-fa5e0505098e,0.0
fa046415-771c-4491-b604-edbbed9a953a,0.0
f9e6a66f-5963-463d-a604-48a4d6d51b73,0.0
f9d10072-e752-48d8-8b9d-c944410ef5e6,0.0
f9c464f9-b319-4690-a009-e19f2c6b77bc,0.0
f9b87f41-44a9-4ef2-a914-98dd52d73fe1,0.0
f99cff3f-bf53-4db4-8661-297a6a383654,0.0
f97a3f4a-1b2d-418d-b7f0-75a1d44f01c8,0.0
f974a125-62a1-46bd-8d9c-7be795cab761,0.0
f968b7b9-f286-4d4a-9d90-97335991d733,0.0
f9647864-4c62-4635-b6c6-1e40c22eb71e,0.0
031333c5-31cd-4356-919f-70728e470b9d,0.0
0300e7cd-cb8c-4bba-ab7f-83d90830dd67,0.0
02ffed9f-7313-44d9-9bb9-98bfa96e1525,0.0
02fb2003-9483-4463-887f-929d2799f130,0.0
02f431ec-bc6f-40e0-a01b-a8a3e1e3cc50,0.0
02f282ad-a569-4518-9523-d1643fa613ea,0.0
4565b494-533a-485c-bab6-f2396af47ada,0.0
02df1456-c4d1-402a-a856-f98f994cf412,0.0
02d61b28-b2d8-495c-9ced-0af902b6685f,0.0
02c99f63-011b-4e15-a026-274a8f17b822,0.0
02c8689b-4b5c-4978-bb21-c1430f8cd429,0.0
02ba7a3b-68d4-40de-a5b1-bfeea963c228,0.0
02acc587-f033-4c06-bf67-c7d7e6bdacb7,0.0
02a29bef-f24f-40db-97aa-09025fe7ce3c,0.0
fa4f7507-bac0-4f59-a106-68abc5377de3,0.0
fa4879fa-2ddf-4083-9197-0ea001f8c4dc,0.0
fb92586d-fa5a-445b-88d5-eb8fc2480161,0.0
fb80dfc6-0df1-41ce-962f-4c5d5d557279,0.0
fb72d96d-f918-4af8-a9ca-d8c42054717e,0.0
fb2e031e-52ba-4fb7-a5f4-99598cca61a6,0.0
fb0a74a3-9c28-46cb-8c0a-59ede9dc4907,0.0
fb0066f0-c2f8-4bce-a775-8722b43b51f9,0.0
faefc815-57ff-4ec0-a9a2-2d7d0c3f8855,0.0
fad8a38e-d59b-4b0f-a8c2-909e78b77b16,0.0
fad32da4-008a-410d-87fa-24a324d4e2d4,0.0
fab92355-c63e-4ff9-a0ee-1edc988efe0a,0.0
fa96f7b2-5e70-42b0-8b3d-3b19b171c207,0.0
fa73ab4b-e3e0-49e8-b629-0055879172eb,0.0
fa7313a9-733e-44df-8610-ee1d7b0e2b01,0.0
fa6bd933-4e4d-49f5-8af2-d668cbcd3de7,0.0
fa6337b3-201d-44df-894d-49b8c938dccc,0.0
fa535772-f5cb-44ef-aeb6-dc7d9a818cf2,0.0
fc316204-b1aa-457f-accc-570c591a4444,0.0
fbf3ef69-9cfd-4fe4-9632-094880dec3b9,0.0
028b2a54-a77a-4779-9645-269e7ddb07c4,0.0
023ab75d-5d4a-48f0-9b7f-0b2c04ce25b5,0.0
0230b34d-18ac-45b9-82cf-2a872047e612,0.0
02126b5c-e045-4027-96ad-11c3d3b85f19,0.0
020cfca8-bc00-479b-b007-d5fdae7085a8,0.0
454ecf7f-51e6-4041-866d-91a21130888b,0.0
01f39acd-0069-49da-a9ed-95c43aa507e1,0.0
01f36b69-1626-4ce4-ab7e-3fb3f513b875,0.0
fbe181fe-4e07-41b6-ade9-c569eed29573,0.0
fbde62bd-1adf-4e21-8af7-76a5ecf7c629,0.0
fbd93d45-de0a-4a8e-bf7b-7a30036edda3,0.0
fbcb44c3-a2a2-4f79-a991-6bdd588f2590,0.0
fba61a2e-9838-44f6-9d60-3145d5a5da88,0.0
4542cb25-9ce1-4624-963e-7a8083c8ffc6,0.0
fcec8983-5187-466e-b172-664473bf520a,0.0
fcdb129f-cdd4-4c7b-9095-abcaf64d6bfa,0.0
fcd86f56-19c4-4052-9ee1-d404c58c4a9d,0.0
fcd3d036-2f0d-4e3d-80cd-eadde7da5a2d,0.0
fcd37ee2-d794-438d-915d-e32b895c53b2,0.0
fcc50c64-741c-4790-82cb-40838129449d,0.0
fcc411c1-dc0b-40b5-9f09-bf5644690966,0.0
fcbc1fcf-f649-42a5-8547-befde854fd9c,0.0
fcba6fab-f5c4-45b1-bdfc-d769dc588d6c,0.0
fcb43943-7a9e-4755-97ab-0b224dea3856,0.0
fca38316-12ff-4f15-9c8d-5a4086d8de31,0.0
fc9839f8-70a1-4c78-97cf-0957b6c7312a,0.0
fc880c67-7180-4dc3-a5ce-ed7139706147,0.0
fc7e548d-b8f9-4914-8a10-8b674287fe5d,0.0
fc4cd8d3-3244-4643-87b9-76ba776cca3b,0.0
fc3916ea-7611-40e1-b4bd-bad1261cd99d,0.0
453edefa-590e-4f0e-bc41-feca3c77ef3d,0.0
fdfca51c-45d7-4fac-a586-6528da1af49b,0.0
fdf46f59-604c-4814-8e9c-c674065f27cb,0.0
fdd730e8-7d83-4dd7-9d97-6e9ad5ae2d7d,0.0
453cdc47-f439-4e43-b690-ef560b3545e5,0.0
fdbc3e10-19bf-4269-8625-f7db67971e0c,0.0
fd9ab0e6-6329-4a28-83ad-0bb1c7f8f08d,0.0
fd94785e-9a5b-46e7-9e07-e9ab0e8b068a,0.0
fd7c83be-ccee-4843-b64b-f67262965b21,0.0
fd4818c8-74fb-4f7d-a64a-4b0c2ed1c056,0.0
fd3f2c7a-d24d-453a-95a6-6fc0656a46fb,0.0
fd163e02-8b12-4fe8-a657-20dea1c2a346,0.0
fd139717-2956-4b5b-b03e-3be9f73ed83b,0.0
fd117a85-9fc4-4778-8ab6-a9acce5dd1b4,0.0
fcf94e33-cfda-434f-92e7-f75acfb9fd3b,0.0
fcf3c93e-aaf3-400d-a0db-342b4ebbc8fb,0.0
01902f7c-b1ba-4986-8753-04f96d2bc2ca,0.0
016dd5e9-fc23-4998-a761-3c1ff261e730,0.0
ff65a3ab-25cb-485b-a797-7fcf2cfba528,0.0
00819cd6-1b67-40eb-b4e5-64b2402dff12,0.0
0155cd56-32a4-4d5b-9238-bce21457a095,0.0
ffd854bb-3add-48f7-bfb5-55a42651e495,0.0
ffd742f6-6c49-491a-9636-54eefb86613e,0.0
ffb9772a-23cf-49d7-95fa-b6e956d2865d,0.0
ffb2a6b1-75b3-4161-aaf7-5d20cfe3a4c4,0.0
ff7ea91b-5001-44df-a659-a2b22b68eb4c,0.0
45320d3a-105b-41eb-b33e-1c16d3eb3f20,0.0
0057100a-c97a-41b7-bd00-b559a926872f,0.0
fea1770a-6908-44e2-a06c-693f6ee65902,0.0
fe8c9e5b-4864-413a-8c3d-b28c81cf5a7e,0.0
fe820266-fa13-4a48-850a-b90067724e42,0.0
000f8f03-f095-4c4b-8551-2a040a95146b,0.0
016e5b03-84d8-4c41-9f11-01d5d395ad8c,0.0
010f3cb1-4806-45f6-b00f-8c736ebe0eee,0.0
00f0eb2a-8872-4cd3-ae4d-053bb447047a,0.0
00eb4e11-f537-449a-b882-51da403a653e,0.0
452d24ac-831e-4686-849e-2ccb6f5d2510,0.0
0071e237-bae5-49ce-9a14-505002bbff6b,0.0
0078a431-7aab-4c0e-918f-114966938680,0.0
fff9a4a1-baa4-4cb4-bff5-d078d5a8330d,0.0
fff6efac-da22-4423-a934-5cbbf5394705,0.0
ffedee96-df0d-49b0-9a9f-c1cc4f2a6074,0.0
ff2fa34e-bc97-4749-9814-85823305c739,0.0
ff1d1db0-20b6-4fba-a57e-7711ed1dbfbf,0.0
ff0fcb65-a86e-45b3-a0e6-9b778af721a9,0.0
fefbbebd-8a40-407f-87c4-0b9d46e0160b,0.0
fef31abc-e15e-4718-9f35-dc1a39db6ba0,0.0
00460a5d-2a52-435d-9e41-433ca20f9bd5,0.0
